PropertyName,SwimmingPool,Cafeteria,Spa,ClubHouse,Salon,24x7Security,GatedCommunity,SunDeck,Restaurant,Barbecue,ManicuredGarden,ReadingLounge,FlowerGarden,BowlingAlley,MiniTheatre,Sauna,GolfCourse,PartyLawn,Gazebo,Fountain,BadmintonCourt,TerraceGarden,Yoga/MeditationArea,BasketballCourt,IndoorGames,Amphitheatre,VolleyBallCourt,Creche/Daycare,SteamRoom,SkatingRink,CardRoom,AerobicsCentre,ConciergeService,Bar/Chill-OutLounge,Laundry,DoctoronCall,ReflexologyPark,HighSpeedElevators,EntranceLobby,Jacuzzi,Football,GroceryShop,SquashCourt,Pergola,School,CCTVCameraSecurity,ShoppingCentre,JoggingTrack,VideoDoorSecurity,WaitingLounge,CricketPitch,LawnTennisCourt,BanquetHall,MultipurposeCourt,ToddlerPool,Gymnasium,LandscapeGarden,CommunityHall,Children'sPlayArea,Lounge,VastuCompliant,Wi-FiConnectivity,PowerBackupLift,CarParking,Lift(s),24/7PowerBackup,24/7WaterSupply,EarthquakeResistant,InfinityPool,CigarLounge,Foosball,BusinessLounge,ValetParking,PipedGas,ATM,MedicalCentre,NaturalPond,Conferenceroom,AirHockey,AcupressurePark,SolarLighting,Theatre,RainWaterHarvesting,BusShelter,SewageTreatmentPlant,VisitorsParking,MultipurposeHall,ROSystem,PropertyStaff,Billiards,WaterSoftenerPlant,MilkBooth,ChangingArea,Clinic,Carwasharea,BeachVolleyBallCourt,AutomatedCarWash,TableTennis,SolarWaterHeating,PoolTable,InternalStreetLights,FireFightingSystems,GarbageDisposal,TheaterHome,Library,FoodCourt,SecurityCabin,SeniorCitizenSitout,Temple,MaintenanceStaff
Smartworld One DXP,1.0,1.0,1.0,1.0,1.0,1.0,1.0,1.0,1.0,0.0,0.0,0.0,0.0,0.0,0.0,0.0,0.0,0.0,0.0,0.0,0.0,0.0,0.0,0.0,0.0,0.0,0.0,0.0,0.0,0.0,0.0,0.0,0.0,0.0,0.0,0.0,0.0,0.0,0.0,0.0,0.0,0.0,0.0,0.0,0.0,0.0,0.0,0.0,0.0,0.0,0.0,0.0,0.0,0.0,0.0,0.0,0.0,0.0,0.0,0.0,0.0,0.0,0.0,0.0,0.0,0.0,0.0,0.0,0.0,0.0,0.0,0.0,0.0,0.0,0.0,0.0,0.0,0.0,0.0,0.0,0.0,0.0,0.0,0.0,0.0,0.0,0.0,0.0,0.0,0.0,0.0,0.0,0.0,0.0,0.0,0.0,0.0,0.0,0.0,0.0,0.0,0.0,0.0,0.0,0.0,0.0,0.0,0.0,0.0,0.0
M3M Crown,1.0,,,,,,,,,1.0,1.0,1.0,1.0,1.0,1.0,1.0,1.0,0.0,0.0,0.0,0.0,0.0,0.0,0.0,0.0,0.0,0.0,0.0,0.0,0.0,0.0,0.0,0.0,0.0,0.0,0.0,0.0,0.0,0.0,0.0,0.0,0.0,0.0,0.0,0.0,0.0,0.0,0.0,0.0,0.0,0.0,0.0,0.0,0.0,0.0,0.0,0.0,0.0,0.0,0.0,0.0,0.0,0.0,0.0,0.0,0.0,0.0,0.0,0.0,0.0,0.0,0.0,0.0,0.0,0.0,0.0,0.0,0.0,0.0,0.0,0.0,0.0,0.0,0.0,0.0,0.0,0.0,0.0,0.0,0.0,0.0,0.0,0.0,0.0,0.0,0.0,0.0,0.0,0.0,0.0,0.0,0.0,0.0,0.0,0.0,0.0,0.0,0.0,0.0,0.0
Adani Brahma Samsara Vilasa,,,,,,,,,,,,,,,,,,1.0,1.0,1.0,1.0,1.0,1.0,1.0,1.0,1.0,0.0,0.0,0.0,0.0,0.0,0.0,0.0,0.0,0.0,0.0,0.0,0.0,0.0,0.0,0.0,0.0,0.0,0.0,0.0,0.0,0.0,0.0,0.0,0.0,0.0,0.0,0.0,0.0,0.0,0.0,0.0,0.0,0.0,0.0,0.0,0.0,0.0,0.0,0.0,0.0,0.0,0.0,0.0,0.0,0.0,0.0,0.0,0.0,0.0,0.0,0.0,0.0,0.0,0.0,0.0,0.0,0.0,0.0,0.0,0.0,0.0,0.0,0.0,0.0,0.0,0.0,0.0,0.0,0.0,0.0,0.0,0.0,0.0,0.0,0.0,0.0,0.0,0.0,0.0,0.0,0.0,0.0,0.0,0.0
Sobha City,1.0,,,,,,,,,1.0,,,,,,1.0,,,,,,,,,,,1.0,1.0,1.0,1.0,1.0,1.0,0.0,0.0,0.0,0.0,0.0,0.0,0.0,0.0,0.0,0.0,0.0,0.0,0.0,0.0,0.0,0.0,0.0,0.0,0.0,0.0,0.0,0.0,0.0,0.0,0.0,0.0,0.0,0.0,0.0,0.0,0.0,0.0,0.0,0.0,0.0,0.0,0.0,0.0,0.0,0.0,0.0,0.0,0.0,0.0,0.0,0.0,0.0,0.0,0.0,0.0,0.0,0.0,0.0,0.0,0.0,0.0,0.0,0.0,0.0,0.0,0.0,0.0,0.0,0.0,0.0,0.0,0.0,0.0,0.0,0.0,0.0,0.0,0.0,0.0,0.0,0.0,0.0,0.0
Signature Global City 93,1.0,,,,1.0,,,,,,,,1.0,,1.0,,,,,,,,,,,,,,,,,,1.0,1.0,1.0,1.0,1.0,0.0,0.0,0.0,0.0,0.0,0.0,0.0,0.0,0.0,0.0,0.0,0.0,0.0,0.0,0.0,0.0,0.0,0.0,0.0,0.0,0.0,0.0,0.0,0.0,0.0,0.0,0.0,0.0,0.0,0.0,0.0,0.0,0.0,0.0,0.0,0.0,0.0,0.0,0.0,0.0,0.0,0.0,0.0,0.0,0.0,0.0,0.0,0.0,0.0,0.0,0.0,0.0,0.0,0.0,0.0,0.0,0.0,0.0,0.0,0.0,0.0,0.0,0.0,0.0,0.0,0.0,0.0,0.0,0.0,0.0,0.0,0.0,0.0
Whiteland The Aspen,,,1.0,1.0,,,,,,,,,,,,1.0,,,,,,,1.0,,,,,,,,1.0,,,,,,1.0,1.0,1.0,1.0,0.0,0.0,0.0,0.0,0.0,0.0,0.0,0.0,0.0,0.0,0.0,0.0,0.0,0.0,0.0,0.0,0.0,0.0,0.0,0.0,0.0,0.0,0.0,0.0,0.0,0.0,0.0,0.0,0.0,0.0,0.0,0.0,0.0,0.0,0.0,0.0,0.0,0.0,0.0,0.0,0.0,0.0,0.0,0.0,0.0,0.0,0.0,0.0,0.0,0.0,0.0,0.0,0.0,0.0,0.0,0.0,0.0,0.0,0.0,0.0,0.0,0.0,0.0,0.0,0.0,0.0,0.0,0.0,0.0,0.0
Bestech Altura,1.0,,,,,,,,,,,1.0,1.0,,,,,,,,,,,,,,,,,1.0,,,,,,,,,,,1.0,1.0,1.0,1.0,1.0,0.0,0.0,0.0,0.0,0.0,0.0,0.0,0.0,0.0,0.0,0.0,0.0,0.0,0.0,0.0,0.0,0.0,0.0,0.0,0.0,0.0,0.0,0.0,0.0,0.0,0.0,0.0,0.0,0.0,0.0,0.0,0.0,0.0,0.0,0.0,0.0,0.0,0.0,0.0,0.0,0.0,0.0,0.0,0.0,0.0,0.0,0.0,0.0,0.0,0.0,0.0,0.0,0.0,0.0,0.0,0.0,0.0,0.0,0.0,0.0,0.0,0.0,0.0,0.0,0.0
Elan The Presidential,1.0,,,,,1.0,,,,,,,,,,,,,,,,,1.0,,,1.0,,,,,,1.0,,,,,,,,,,,,,,1.0,1.0,1.0,1.0,0.0,0.0,0.0,0.0,0.0,0.0,0.0,0.0,0.0,0.0,0.0,0.0,0.0,0.0,0.0,0.0,0.0,0.0,0.0,0.0,0.0,0.0,0.0,0.0,0.0,0.0,0.0,0.0,0.0,0.0,0.0,0.0,0.0,0.0,0.0,0.0,0.0,0.0,0.0,0.0,0.0,0.0,0.0,0.0,0.0,0.0,0.0,0.0,0.0,0.0,0.0,0.0,0.0,0.0,0.0,0.0,0.0,0.0,0.0,0.0,0.0
Signature Global City 92,1.0,,,,,,,1.0,,,,,,,,,,,,,,1.0,,,,1.0,,,,1.0,,,,,,,1.0,,,1.0,,,,,,,,,,1.0,1.0,0.0,0.0,0.0,0.0,0.0,0.0,0.0,0.0,0.0,0.0,0.0,0.0,0.0,0.0,0.0,0.0,0.0,0.0,0.0,0.0,0.0,0.0,0.0,0.0,0.0,0.0,0.0,0.0,0.0,0.0,0.0,0.0,0.0,0.0,0.0,0.0,0.0,0.0,0.0,0.0,0.0,0.0,0.0,0.0,0.0,0.0,0.0,0.0,0.0,0.0,0.0,0.0,0.0,0.0,0.0,0.0,0.0,0.0,0.0
Emaar Digihomes,1.0,,1.0,,1.0,,,,1.0,,,,,,1.0,,,,,,,,,,,,,1.0,,,1.0,,,,,,,,,,,,,,,,,,,,,1.0,1.0,0.0,0.0,0.0,0.0,0.0,0.0,0.0,0.0,0.0,0.0,0.0,0.0,0.0,0.0,0.0,0.0,0.0,0.0,0.0,0.0,0.0,0.0,0.0,0.0,0.0,0.0,0.0,0.0,0.0,0.0,0.0,0.0,0.0,0.0,0.0,0.0,0.0,0.0,0.0,0.0,0.0,0.0,0.0,0.0,0.0,0.0,0.0,0.0,0.0,0.0,0.0,0.0,0.0,0.0,0.0,0.0,0.0
Signature Global City 79B,1.0,,,,,,,1.0,,,,,,,,,,,1.0,,,,,,,1.0,,,,,,,,,,,1.0,,,,,,,,,,,,,,1.0,,1.0,1.0,1.0,0.0,0.0,0.0,0.0,0.0,0.0,0.0,0.0,0.0,0.0,0.0,0.0,0.0,0.0,0.0,0.0,0.0,0.0,0.0,0.0,0.0,0.0,0.0,0.0,0.0,0.0,0.0,0.0,0.0,0.0,0.0,0.0,0.0,0.0,0.0,0.0,0.0,0.0,0.0,0.0,0.0,0.0,0.0,0.0,0.0,0.0,0.0,0.0,0.0,0.0,0.0,0.0,0.0,0.0,0.0
DLF The Arbour,1.0,,,1.0,,1.0,1.0,,,,,,,,,,,,,,,,1.0,,,,,,,,,,,,,,,,,,,,,,,,,,,,,,,,,1.0,1.0,1.0,1.0,0.0,0.0,0.0,0.0,0.0,0.0,0.0,0.0,0.0,0.0,0.0,0.0,0.0,0.0,0.0,0.0,0.0,0.0,0.0,0.0,0.0,0.0,0.0,0.0,0.0,0.0,0.0,0.0,0.0,0.0,0.0,0.0,0.0,0.0,0.0,0.0,0.0,0.0,0.0,0.0,0.0,0.0,0.0,0.0,0.0,0.0,0.0,0.0,0.0,0.0,0.0
M3M Antalya Hills,1.0,,1.0,,,,,,1.0,,,,,,1.0,1.0,,,1.0,,,1.0,,,,,,,,,,,,,,,1.0,,,,,,,,,,,,,,,,,,,,,,,1.0,0.0,0.0,0.0,0.0,0.0,0.0,0.0,0.0,0.0,0.0,0.0,0.0,0.0,0.0,0.0,0.0,0.0,0.0,0.0,0.0,0.0,0.0,0.0,0.0,0.0,0.0,0.0,0.0,0.0,0.0,0.0,0.0,0.0,0.0,0.0,0.0,0.0,0.0,0.0,0.0,0.0,0.0,0.0,0.0,0.0,0.0,0.0,0.0,0.0,0.0
Signature Global City 81,1.0,,,,,,,,,,,,1.0,,,,,,,,1.0,,,1.0,,1.0,,,,,,,,,,,,,,1.0,,,,,,,,,,,,,,,,,,,,,1.0,1.0,1.0,0.0,0.0,0.0,0.0,0.0,0.0,0.0,0.0,0.0,0.0,0.0,0.0,0.0,0.0,0.0,0.0,0.0,0.0,0.0,0.0,0.0,0.0,0.0,0.0,0.0,0.0,0.0,0.0,0.0,0.0,0.0,0.0,0.0,0.0,0.0,0.0,0.0,0.0,0.0,0.0,0.0,0.0,0.0,0.0,0.0,0.0,0.0
SS Linden Floors,1.0,,,1.0,,,1.0,,,,,,,,,,,,,,,,,,,,,,,,,,,,,,,,1.0,,,,,,1.0,1.0,,,,,,,,,,,1.0,,,,,,,1.0,1.0,0.0,0.0,0.0,0.0,0.0,0.0,0.0,0.0,0.0,0.0,0.0,0.0,0.0,0.0,0.0,0.0,0.0,0.0,0.0,0.0,0.0,0.0,0.0,0.0,0.0,0.0,0.0,0.0,0.0,0.0,0.0,0.0,0.0,0.0,0.0,0.0,0.0,0.0,0.0,0.0,0.0,0.0,0.0,0.0,0.0
Mahindra Luminare,1.0,,1.0,,,,,,1.0,,,,,,,,,,1.0,,,,,,,1.0,,,,,1.0,,,,,,,,,,,,1.0,,,,,,,,,1.0,1.0,,,,,,,,,,,,,0.0,0.0,0.0,0.0,0.0,0.0,0.0,0.0,0.0,0.0,0.0,0.0,0.0,0.0,0.0,0.0,0.0,0.0,0.0,0.0,0.0,0.0,0.0,0.0,0.0,0.0,0.0,0.0,0.0,0.0,0.0,0.0,0.0,0.0,0.0,0.0,0.0,0.0,0.0,0.0,0.0,0.0,0.0,0.0,0.0
M3M Golf Hills,,,1.0,,1.0,,,,,,,,,,,,,,,,1.0,,1.0,1.0,,1.0,,,,,,,,,,,,,1.0,,,,,,,,,,,,1.0,1.0,,,,,,,,,,,,,,0.0,0.0,0.0,0.0,0.0,0.0,0.0,0.0,0.0,0.0,0.0,0.0,0.0,0.0,0.0,0.0,0.0,0.0,0.0,0.0,0.0,0.0,0.0,0.0,0.0,0.0,0.0,0.0,0.0,0.0,0.0,0.0,0.0,0.0,0.0,0.0,0.0,0.0,0.0,0.0,0.0,0.0,0.0,0.0,0.0
Suncity Vatsal Valley,,,,,,,,,,,,,,,,,,,,,,,,,,,,,,,,,,,,,,,1.0,,,,,,,,,,,,,,,,,,1.0,,1.0,,1.0,,,1.0,1.0,1.0,1.0,1.0,0.0,0.0,0.0,0.0,0.0,0.0,0.0,0.0,0.0,0.0,0.0,0.0,0.0,0.0,0.0,0.0,0.0,0.0,0.0,0.0,0.0,0.0,0.0,0.0,0.0,0.0,0.0,0.0,0.0,0.0,0.0,0.0,0.0,0.0,0.0,0.0,0.0,0.0,0.0,0.0,0.0,0.0
Whiteland Blissville,,,,1.0,,,,,,1.0,,,,,,,,,,,,,1.0,,,,,1.0,,,,,,,,,,,,,,,,,,,,,,,,,,,,1.0,1.0,,1.0,1.0,,,,,1.0,,,,0.0,0.0,0.0,0.0,0.0,0.0,0.0,0.0,0.0,0.0,0.0,0.0,0.0,0.0,0.0,0.0,0.0,0.0,0.0,0.0,0.0,0.0,0.0,0.0,0.0,0.0,0.0,0.0,0.0,0.0,0.0,0.0,0.0,0.0,0.0,0.0,0.0,0.0,0.0,0.0,0.0,0.0
Trump Tower,1.0,,,,,,,,,,,,,,,,,,,,,,,,,,,,,,,,1.0,1.0,1.0,,,,,,,,,,,,,,,,,,,,,,,,,,,,,,,,,,1.0,1.0,1.0,1.0,1.0,0.0,0.0,0.0,0.0,0.0,0.0,0.0,0.0,0.0,0.0,0.0,0.0,0.0,0.0,0.0,0.0,0.0,0.0,0.0,0.0,0.0,0.0,0.0,0.0,0.0,0.0,0.0,0.0,0.0,0.0,0.0,0.0,0.0,0.0,0.0,0.0,0.0
Tulip Monsella,1.0,,,,,,,,1.0,,,,,,1.0,,1.0,,,,,,,,,,,,,,1.0,,,1.0,,,,,,,,,,,1.0,,,,,,,,,,,,,,,,,,,,,,,,,1.0,,1.0,,0.0,0.0,0.0,0.0,0.0,0.0,0.0,0.0,0.0,0.0,0.0,0.0,0.0,0.0,0.0,0.0,0.0,0.0,0.0,0.0,0.0,0.0,0.0,0.0,0.0,0.0,0.0,0.0,0.0,0.0,0.0,0.0,0.0,0.0,0.0,0.0,0.0
Krisumi Waterfall Residences,1.0,,,,1.0,,,,1.0,,,,,,,,,,,,,1.0,,,,,,,,,,,1.0,1.0,,,,,,1.0,,,,1.0,,,,,,,,,,,,,,,,,,,,,,,,,,,,,,1.0,0.0,0.0,0.0,0.0,0.0,0.0,0.0,0.0,0.0,0.0,0.0,0.0,0.0,0.0,0.0,0.0,0.0,0.0,0.0,0.0,0.0,0.0,0.0,0.0,0.0,0.0,0.0,0.0,0.0,0.0,0.0,0.0,0.0,0.0,0.0,0.0
M3M Capital,1.0,,1.0,,,,,,1.0,,,,,,,1.0,,,,,,,,,,,,,,1.0,,1.0,,1.0,,,,,,,,,,,,,,,,,,,,,,,,,,1.0,,,,,,,,,,,,,,,1.0,0.0,0.0,0.0,0.0,0.0,0.0,0.0,0.0,0.0,0.0,0.0,0.0,0.0,0.0,0.0,0.0,0.0,0.0,0.0,0.0,0.0,0.0,0.0,0.0,0.0,0.0,0.0,0.0,0.0,0.0,0.0,0.0,0.0,0.0,0.0
Godrej Meridien,1.0,,,,,,,,,,,,1.0,,1.0,,,,,,,,,,,,,,,,,,1.0,1.0,,,1.0,,,,,,,,1.0,,,,,,,,,,,,,,,,,,,,,,,,,,,,1.0,,,1.0,0.0,0.0,0.0,0.0,0.0,0.0,0.0,0.0,0.0,0.0,0.0,0.0,0.0,0.0,0.0,0.0,0.0,0.0,0.0,0.0,0.0,0.0,0.0,0.0,0.0,0.0,0.0,0.0,0.0,0.0,0.0,0.0,0.0,0.0
La Vida by Tata Housing,1.0,,1.0,,,,,1.0,,,,,,,1.0,1.0,,,,,,,,,,,,,,,1.0,,,,,,,,,,,,1.0,,,,,,,,1.0,,,,,,,,,,,,,,,,,,,,,,,,,,1.0,0.0,0.0,0.0,0.0,0.0,0.0,0.0,0.0,0.0,0.0,0.0,0.0,0.0,0.0,0.0,0.0,0.0,0.0,0.0,0.0,0.0,0.0,0.0,0.0,0.0,0.0,0.0,0.0,0.0,0.0,0.0,0.0,0.0
Birla Navya,1.0,,,,1.0,,,,,,,,1.0,,1.0,,,,,,,,,,,,,,,,,,,,,,1.0,,,,1.0,,,,,,,,,,,,,,,,,,,1.0,,,,,,,,,,,,1.0,,,,,,1.0,0.0,0.0,0.0,0.0,0.0,0.0,0.0,0.0,0.0,0.0,0.0,0.0,0.0,0.0,0.0,0.0,0.0,0.0,0.0,0.0,0.0,0.0,0.0,0.0,0.0,0.0,0.0,0.0,0.0,0.0,0.0,0.0
Signature Global City,1.0,,,,,,,,,,,,,,,,,,,,,,,1.0,,1.0,,,,1.0,,,,,,,1.0,,,1.0,,,,,,,,,,,1.0,,,1.0,1.0,,,,,,,,,,,,,,,,,,,,,,,,0.0,0.0,0.0,0.0,0.0,0.0,0.0,0.0,0.0,0.0,0.0,0.0,0.0,0.0,0.0,0.0,0.0,0.0,0.0,0.0,0.0,0.0,0.0,0.0,0.0,0.0,0.0,0.0,0.0,0.0,0.0,0.0
Godrej 101,1.0,,,,,,,,,,,1.0,,,,,1.0,,,,,,,,,,1.0,,,,,,,,,,,,,,1.0,,,,,,,,,,,,,,,,,,,,,,,,,,,,,,1.0,,,,1.0,,,,1.0,1.0,0.0,0.0,0.0,0.0,0.0,0.0,0.0,0.0,0.0,0.0,0.0,0.0,0.0,0.0,0.0,0.0,0.0,0.0,0.0,0.0,0.0,0.0,0.0,0.0,0.0,0.0,0.0,0.0,0.0,0.0
M3M Soulitude,1.0,,,,,,,,1.0,,,,,,,,,,,,,1.0,,,,,,,,,,1.0,,1.0,,,,,,,,,,,,,,,,,,,,,,,,,,1.0,,,,,,,,,,,,,,1.0,,,,,,,1.0,1.0,0.0,0.0,0.0,0.0,0.0,0.0,0.0,0.0,0.0,0.0,0.0,0.0,0.0,0.0,0.0,0.0,0.0,0.0,0.0,0.0,0.0,0.0,0.0,0.0,0.0,0.0,0.0,0.0
BPTP Terra,1.0,,,,,,,1.0,,,,,,,,,,,,1.0,,,1.0,,,,,,,,,,,1.0,,,,,,,,,,,,,,,,1.0,,,,,1.0,,,1.0,,,,,,,,,,,,,,,,,,,,,,,,,1.0,0.0,0.0,0.0,0.0,0.0,0.0,0.0,0.0,0.0,0.0,0.0,0.0,0.0,0.0,0.0,0.0,0.0,0.0,0.0,0.0,0.0,0.0,0.0,0.0,0.0,0.0,0.0
M3M Skycity,1.0,,,,,,,,,,,,,,,,,,,,,1.0,,,,,,,,,,1.0,,1.0,,,1.0,1.0,,,,,,,1.0,,,,,,,,,,,,,,,1.0,,,,,,,,,,,,,,,,,,,,,,,,1.0,0.0,0.0,0.0,0.0,0.0,0.0,0.0,0.0,0.0,0.0,0.0,0.0,0.0,0.0,0.0,0.0,0.0,0.0,0.0,0.0,0.0,0.0,0.0,0.0,0.0,0.0
MRG The Crown,1.0,,,1.0,,,1.0,,,,,,,,,,,,,,,,,1.0,,,,,,1.0,,,,,,,,,,,,,,,,,,1.0,,,1.0,,,,,,,,,,,,,,,,,,,,,,,,,,,,,,,,,,1.0,1.0,0.0,0.0,0.0,0.0,0.0,0.0,0.0,0.0,0.0,0.0,0.0,0.0,0.0,0.0,0.0,0.0,0.0,0.0,0.0,0.0,0.0,0.0,0.0,0.0
Godrej Nature Plus Serenity,,,,,,,,,1.0,,,,,,,,,,,,1.0,,1.0,,,1.0,,,,,,,,,,,1.0,,1.0,,,,,,,,,,,,,,,,,,,,,,,,,,,,,,,,,,,,,,,,,,,1.0,,,,,1.0,1.0,0.0,0.0,0.0,0.0,0.0,0.0,0.0,0.0,0.0,0.0,0.0,0.0,0.0,0.0,0.0,0.0,0.0,0.0,0.0,0.0,0.0,0.0
SS The Leaf,1.0,,,,,,,,,,,,1.0,,,,,,,,,,,,,,,,,,,,,,,,,,,,1.0,,1.0,,1.0,,,,,,,,,,,,,,,,,1.0,,,,,,,,,,1.0,1.0,,,1.0,,,,,,,,,,,,,0.0,0.0,0.0,0.0,0.0,0.0,0.0,0.0,0.0,0.0,0.0,0.0,0.0,0.0,0.0,0.0,0.0,0.0,0.0,0.0,0.0,0.0
Eldeco Acclaim,1.0,,,,,,,1.0,1.0,,,,,,,,,,1.0,,,,,,,,,,,,,,,,,,,,,,,,1.0,,,,,,,,,1.0,,,,,,,,,,,,,,,,,,,,,,1.0,,,,,,,,,,,,,,,1.0,1.0,0.0,0.0,0.0,0.0,0.0,0.0,0.0,0.0,0.0,0.0,0.0,0.0,0.0,0.0,0.0,0.0,0.0,0.0,0.0,0.0
Emaar Gurgaon Greens,1.0,1.0,,,,,,,,,,,1.0,,,,1.0,,,1.0,,,,,,,,,,,,,,,,,,,,,,,,1.0,,,,,,,,1.0,,,,,,,,,,,,,,,,,,,,,,,,,,,,,1.0,,,,,,,,1.0,,0.0,0.0,0.0,0.0,0.0,0.0,0.0,0.0,0.0,0.0,0.0,0.0,0.0,0.0,0.0,0.0,0.0,0.0,0.0,0.0
Oxirich Chintamanis,1.0,,,,,,1.0,,,,,,,,,,,,,,,,1.0,,,,,,,,,,,,,,,,1.0,,,,,,,,,,,,,,,,,1.0,,,1.0,,,,,1.0,,1.0,,,,,,,,,,,,,,,,,,,,,,,,,0.0,0.0,0.0,0.0,0.0,0.0,0.0,0.0,0.0,0.0,0.0,0.0,0.0,0.0,0.0,0.0,0.0,0.0,0.0,0.0
DLF Garden City Floors,1.0,,1.0,,,,,,,,,,,,,,,,,,,,,,,,,,,,,,,1.0,,,,,,,,1.0,1.0,,1.0,1.0,1.0,,,,,,,,,,,,,,,,1.0,,,,,,,,,,,,,,,,,,,,,,,,,,,,0.0,0.0,0.0,0.0,0.0,0.0,0.0,0.0,0.0,0.0,0.0,0.0,0.0,0.0,0.0,0.0,0.0,0.0,0.0,0.0
Anant Raj Estates,1.0,,1.0,,1.0,,,,1.0,,,,,,,,1.0,,,,,,,,,,,,,,,,,,,,,,,,,1.0,,,,,1.0,,,,1.0,,,,,,,,,,,,,,,,,,,,,,,,,,,,,,,,,,,,,,,,1.0,0.0,0.0,0.0,0.0,0.0,0.0,0.0,0.0,0.0,0.0,0.0,0.0,0.0,0.0,0.0,0.0,0.0,0.0,0.0
Tulip Yellow,1.0,1.0,,,,,,,,,,,,,,,,,,1.0,,,,,,,,,,1.0,,,,,,,,1.0,,,,1.0,,,,,,,,1.0,1.0,,,,,,,,,,,1.0,,,,,,,,,,,,,,,,,,,,,,,,,,,,,,0.0,0.0,0.0,0.0,0.0,0.0,0.0,0.0,0.0,0.0,0.0,0.0,0.0,0.0,0.0,0.0,0.0,0.0,0.0
BPTP Amstoria,1.0,,1.0,,,,,,1.0,1.0,,,,,,,1.0,,,,,,,,,,,,,,,,,,,,,,,,,,1.0,1.0,,,,,,,,,,,,,,,,,,,,,,,,,,,,1.0,,,,,,,,,,1.0,,,,,,,,,,0.0,0.0,0.0,0.0,0.0,0.0,0.0,0.0,0.0,0.0,0.0,0.0,0.0,0.0,0.0,0.0,0.0,0.0,0.0
Emaar Emerald Hills,1.0,,,,,,,,1.0,,,,,,,,,,,,,,,,,,,,,,1.0,1.0,,1.0,,,,,,,,,,,1.0,,,,,,,,,,,,,,,,,,,,,,,,,1.0,,,,,,,,,,,,,,,,,,,,,,1.0,1.0,0.0,0.0,0.0,0.0,0.0,0.0,0.0,0.0,0.0,0.0,0.0,0.0,0.0,0.0,0.0,0.0,0.0
M3M Golfestate,,,,,,,,,,,,,,,1.0,,,,,,,,,,,,,,,,,,1.0,,,1.0,,,,,,,,,,,,,,,,,,,,,,,,,,,,,,,,,,,1.0,,,,,,,,1.0,,,,,,,,,,,,,,,1.0,1.0,1.0,1.0,0.0,0.0,0.0,0.0,0.0,0.0,0.0,0.0,0.0,0.0,0.0,0.0,0.0
ATS Triumph,1.0,,,,,,,,,,,,,,,1.0,,,,,,,,,,,,,,1.0,,,1.0,,,,,,,,,,,,,,,,,,,,,,,,,,,,,1.0,,,,,,,,,,,,,1.0,,,,,,,,,,,,,,1.0,,1.0,,1.0,,,,,0.0,0.0,0.0,0.0,0.0,0.0,0.0,0.0,0.0,0.0,0.0,0.0,0.0
ATS Marigold,1.0,,,,,,,,,,,,,,,,,,,,,,,1.0,,,,,,,,,,,,,1.0,,1.0,,,,1.0,,,,1.0,,,,,1.0,,,,,,1.0,,,,,1.0,,,,,,,,,,,,,,,,,,,,,,,,,,,,,,,,,,,0.0,0.0,0.0,0.0,0.0,0.0,0.0,0.0,0.0,0.0,0.0,0.0,0.0
Signature Global City 37D Ph 2,1.0,,,1.0,,,,1.0,,,,,,,,,,,,,,,1.0,,,,,,,,,,,,,,,,,,,,,,,,1.0,1.0,,,,,,,,,,,,,,,,,,1.0,,,,,,,,,,,,,,,,,1.0,,1.0,,,,,,,,,,,,,0.0,0.0,0.0,0.0,0.0,0.0,0.0,0.0,0.0,0.0,0.0,0.0,0.0
DLF Alameda,1.0,,,,,,,,1.0,,,,,,,,,,1.0,,,,,,,,,,,,1.0,,,,,,,,,,,,1.0,,1.0,,,,,,,,,,,,,,,,,,,,,,,,,,,,,,,1.0,,,,,,1.0,,,,,,,,,,,,1.0,,,,0.0,0.0,0.0,0.0,0.0,0.0,0.0,0.0,0.0,0.0,0.0,0.0,0.0
Experion Windchants,1.0,,,,,,,,,,,1.0,,,1.0,,,,,,,,,,,,,,,,1.0,,,,,,,,,,,,,,,,,,,,,,,,,,,,,,,,,,,,,,,,1.0,,,,,,1.0,1.0,1.0,,1.0,,,,,,,,,,,,,,,,,0.0,0.0,0.0,0.0,0.0,0.0,0.0,0.0,0.0,0.0,0.0,0.0,0.0
4S Aradhya Homes,1.0,1.0,,1.0,,,,,,,,,,,,,,,,,1.0,1.0,,,,,,,,,,,,1.0,,,,,,,,,,,,,,1.0,,,,,,,,,,,,,,,,,,,,,,,,,,1.0,,,,,,,,,,,,,,,,,,,,,,,,1.0,0.0,0.0,0.0,0.0,0.0,0.0,0.0,0.0,0.0,0.0,0.0,0.0
Yash Vihar,,,,,,,,,,,,,,,,,,,,1.0,,,,,,1.0,,,,1.0,,,,,,,,,,,,,,1.0,,1.0,1.0,,,,1.0,,,,,,,,,,,,,,,,,,,,,,,,,,,,,,1.0,,,,1.0,,,,,,,,,,,,,,0.0,0.0,0.0,0.0,0.0,0.0,0.0,0.0,0.0,0.0,0.0,0.0
Smart World Orchard,1.0,,,,1.0,,,,,,,,,,1.0,,,,,,,,,,,,,,,,,1.0,,1.0,,,,,,,,,,,,,,,,,,,,,,,,,,1.0,,,,,,,,,,,,,,,,1.0,,1.0,,,,,,,,1.0,,,,,,,,,,,,,0.0,0.0,0.0,0.0,0.0,0.0,0.0,0.0,0.0,0.0,0.0,0.0
DLF The Camellias,1.0,,1.0,,,,,,1.0,,,,,,,1.0,1.0,,,,,,,,,,,,,,,,1.0,,,,,,,,,,,,,,,,,1.0,,,,,,,,,,,,,,,,,,,,,,,,,,,,,,,,,,,,1.0,,,,,1.0,,,,,,,,0.0,0.0,0.0,0.0,0.0,0.0,0.0,0.0,0.0,0.0,0.0,0.0
Birla Navya Avik,,,,,,,,,,,,,,,,,,,,,1.0,,1.0,1.0,,1.0,,,,1.0,,,,,,,,,,,1.0,,,,,,,,,,1.0,,,,,1.0,1.0,,,,,,,,,,,,,,,,,,,,,,,,,,,,,,,,,,,,,,,,,,0.0,0.0,0.0,0.0,0.0,0.0,0.0,0.0,0.0,0.0,0.0,0.0
Adani Samsara Avasa,1.0,,1.0,,,,,1.0,,,,,,,,1.0,,,,1.0,,1.0,,,,,,,,,,,,,,,,,,,,,,1.0,,,,,1.0,,,,,,,,,,,,,,,,,,,,,,,,,,,,1.0,,,,,,,,,,,,,,,,,,,,,,0.0,0.0,0.0,0.0,0.0,0.0,0.0,0.0,0.0,0.0,0.0,0.0
DLF The Crest,1.0,,1.0,,1.0,,,,1.0,,,1.0,1.0,,,,,,,,,,,,,,,,,,1.0,,,1.0,,,,,,,,,,,,,,,,,,,,,,,,,,,,,,,,,,,,,,,,,,,,,,,,,,,,,,,,,,,,,,,,,1.0,0.0,0.0,0.0,0.0,0.0,0.0,0.0,0.0,0.0,0.0,0.0
DLF The Magnolias,1.0,,1.0,,1.0,,,,1.0,,,,,,1.0,,,,,,,,,,,,,,,,,,,1.0,,,,,,,1.0,,,,,,,,,,,,,,,,,,,,,,,,,,,,,,,1.0,,,,,,,,,,,,,,,,,,,1.0,,,,,,,,,0.0,0.0,0.0,0.0,0.0,0.0,0.0,0.0,0.0,0.0,0.0
DLF The Aralias,1.0,,1.0,,,,,,1.0,,,,,,,,,,,,,,,,,,,,,1.0,,,1.0,,,,,,,,,,1.0,,,,,,,,,,,,,,,,,,,,,,,,,,,,,,,,,,,,,,,1.0,,,,,,,1.0,,,,,,,,,,,1.0,0.0,0.0,0.0,0.0,0.0,0.0,0.0,0.0,0.0,0.0
Pioneer Araya,1.0,,,,1.0,,,,,,,1.0,,,,,,,,,,,,,,,,,,,1.0,,1.0,1.0,,,,,,,,,,,,,,,,,,,,,,,,,,,,,,,,,,,1.0,,1.0,1.0,,,,,,,,,,,,,,,,,,,,,,,,,,,,,0.0,0.0,0.0,0.0,0.0,0.0,0.0,0.0,0.0,0.0
M3M Merlin,1.0,,,,1.0,,,,,,,,1.0,,,,1.0,,,,,,,,,,1.0,,,,,,,,1.0,,1.0,,,,,,,,,,,,,,,,,,,,,,,,,,,,,,,,,,,,,,,,,,,,,,,,,,,,,,,,,,,1.0,1.0,,,,0.0,0.0,0.0,0.0,0.0,0.0,0.0,0.0,0.0,0.0
Smart World Gems,1.0,,,,,,,1.0,,,,,,,,,,,1.0,,,1.0,,,,,,,,,,1.0,,,,,,,,,,,1.0,,,,,,,,,,,,,,,,,1.0,,1.0,,,,,,,,,,,,1.0,,,,,,,,,,,,,,,,,,,,,,,,,,,0.0,0.0,0.0,0.0,0.0,0.0,0.0,0.0,0.0,0.0
Vatika Aspiration,,,,,,,1.0,,,,,,,,,,,,,,,,,,,,,,,,,,,,,,,,,,,1.0,,,,,,,,,,,,,,1.0,1.0,1.0,1.0,,,,,,,,,,,,,,,,,,,,,,,,1.0,,1.0,,,,,,,,,,,,,,,,1.0,0.0,0.0,0.0,0.0,0.0,0.0,0.0,0.0,0.0
Ace Palm Floors,1.0,,,1.0,,,1.0,1.0,,,,,,,,,,,,1.0,,,1.0,,,1.0,,,,,,,,,,,,,,,,,,,,,,,,,,,,,,,1.0,,1.0,,,,,,,,,,,,,,,,,,,,,,,,,,,,,,,,,,,,,,,,,,,0.0,0.0,0.0,0.0,0.0,0.0,0.0,0.0,0.0
DLF Gardencity Enclave,,,,1.0,,1.0,,,,,,,,,,,,,,,,,,,,,,,,,,,,,,,,,,,,,,,,,1.0,,,,,,,,,,,1.0,1.0,,,,,,,,,,,,,,,,,,,,,,,,,,1.0,,,,,,,,,,,,,,,,1.0,1.0,0.0,0.0,0.0,0.0,0.0,0.0,0.0,0.0
Emaar Palm Heights,1.0,,,,,,,1.0,,,,,,,,,,,,,1.0,,,1.0,,,,1.0,,,,,,,,,,,1.0,,,,,,,,,,,1.0,,1.0,,,1.0,,,,,,,,,,,,,,,,,,,,,,,,,,,,,,,,,,,,,,,,,,,,,,,,0.0,0.0,0.0,0.0,0.0,0.0,0.0,0.0
Signature Global Park,1.0,,,,,,,,,,,,,,,,,,1.0,,1.0,,1.0,1.0,,1.0,,,,,,,,,,,,,,,,,,,,,,1.0,,,,,,,,1.0,,,,,,,,,,,,,,,,,,,,,,,,,,,,,,,1.0,,,,,,,,,,,,,,,,0.0,0.0,0.0,0.0,0.0,0.0,0.0,0.0
Emaar MGF Marbella,1.0,,,,1.0,,,,,,,,,1.0,1.0,,,,,,,,,,,,,,,,,,1.0,1.0,,,,,,,,,,,,,,,,,,,,,,,,,,1.0,,,,,,,,,,1.0,,,,,,,,,,,,,,,,,,,,,,,1.0,,,,,,,,,,0.0,0.0,0.0,0.0,0.0,0.0,0.0,0.0
Rishali Luxe Residency 112,,,,1.0,,,1.0,,,,,,,,,,,,,,,,,,,,,,,,,,,,,,,,,,,,,,,,,,,,,,,,,,,1.0,1.0,,,,,,,1.0,1.0,,,,,,,,,,,,,,,,1.0,,1.0,,,,,,,,,,,,,,,,,,1.0,0.0,0.0,0.0,0.0,0.0,0.0,0.0
Puri The Aravallis,1.0,,,,,,,1.0,,,,,,,,,,,,,,,,,,1.0,,,,,,,,,,,,,,1.0,1.0,,,,,,,,,,1.0,1.0,,,,,,,,,,,,,,,,,1.0,,1.0,,,,,,,,,,,,,,,,,,,,,,,,,,,,,,,,,0.0,0.0,0.0,0.0,0.0,0.0,0.0
International City by SOBHA Phase 2,1.0,,,,,,,,1.0,,,,,,,,,,,,,1.0,,,,,,,,,,,,,,,,,,1.0,,,1.0,,1.0,,,,,,,,,,,,,,,,,,,,,,,,,,,,,1.0,,,,,,,1.0,,,,,,,,,,,,,,,,,,,,,,,1.0,0.0,0.0,0.0,0.0,0.0,0.0
Emaar MGF The Palm Drive,1.0,,,,,,,,,,,1.0,,,,,1.0,,,,,,,,,,,,,,,,,1.0,,,1.0,,,,,,,,1.0,,,,,,,,,,,,,,,,,,,,,,,,,1.0,,,,,,,,,,,,,,,,,,,,,,,1.0,,,,,,,,,,,1.0,0.0,0.0,0.0,0.0,0.0,0.0
BPTP Green Oaks,,,,1.0,,,,,,,,,,,,,,,,,,,,,,,,,,,,,,,,,,,,,,,,,,,,,,,,,,,,,1.0,1.0,,,,,,,,,,,,,,,,,,,,,,,,,,,,,,,,,,,,,,,,,,,,,,,0.0,0.0,0.0,0.0,0.0,0.0
Puri Emerald Bay,1.0,1.0,,,,,,,,,,,,,,,,,,,,,,,,1.0,,,,,,,,,,,,,,,,,,,,,,,1.0,,,1.0,,1.0,,,,,,,,1.0,,,,,,,,,,,,,,,,,,,,1.0,,,,,,,,1.0,,,,,,,,,,,,,,,0.0,0.0,0.0,0.0,0.0,0.0
Ireo Victory Valley,1.0,,,,1.0,,,,,,,1.0,1.0,,,,1.0,,,,,,,,,,,,,,,,,1.0,,,,,,,1.0,,,,1.0,,,,,,,,,,,,,,,,,,,,,,,,,,,,,,,,,1.0,,,,,,,,,,,,,,,,,,,,,,,,,,,0.0,0.0,0.0,0.0,0.0,0.0
DLF Gardencity,1.0,1.0,1.0,,,,,,1.0,,,,,,,,,,,1.0,,,,,,,,,,,,,,1.0,,,,,,,,,1.0,,1.0,,,,,,,,,,,,,,,,,,,,,,,,,,,,,,,,,,,,,1.0,,,,,,,,,,,,,,,,,,,,,,,0.0,0.0,0.0,0.0,0.0,0.0
Tata Primanti,1.0,,,,,,,,1.0,,,,,,,1.0,,,,,,,,,,,,,1.0,,1.0,,,,,,,,,1.0,,,,,1.0,,,,,,,,,,,,,,,,,,,,,,,,,,,,,1.0,,,,,,,,,,,,,,,,,,,1.0,,,,,,,,,,,,0.0,0.0,0.0,0.0,0.0,0.0
DLF Park Place,1.0,,,,1.0,,,,,,,,,,1.0,,,,,,,,,,,,,,,,,,,,1.0,,,,,,,,,,1.0,,,,,,,,,,,,,,,,,,,,,,,,,,,1.0,,,,,,,,,,,,,,,,1.0,,,,,1.0,,,,,,,,,,,1.0,0.0,0.0,0.0,0.0,0.0,0.0
Central Park Flower Valley,1.0,,,,,,,,,,,1.0,,,,1.0,1.0,,,,,,,,,,,1.0,1.0,,,1.0,,,,,1.0,,,1.0,,,,,,,,,,,,,,,,,,,,,,,,,,,,,,,,,,,,,,,,,,,,,,,,,,,,,,,,,,,,,,,,,0.0,0.0,0.0,0.0,0.0,0.0
Ireo Skyon,1.0,,,,,,,,1.0,,,,,,,,1.0,,,,,,,,,,,,1.0,,,,,,,,,1.0,,,,,1.0,,1.0,,,,,,,,,,,,,,,,,,,,,,,,,,,,,1.0,,,,,,,,,,,,,,,,,,,1.0,,,,,,,,,,,,0.0,0.0,0.0,0.0,0.0,0.0
AIPL The Peaceful Homes,1.0,,,,1.0,,,,,,,1.0,,,,,1.0,,,,,,,,,,1.0,,,,,,1.0,1.0,,,,,,,1.0,,,,,,,,,,,,,,,,,,,,,,,,,,,,,,,,,,,,,,,,,,,,,,,,,,,,,,,,1.0,,,,,,,,0.0,0.0,0.0,0.0,0.0,0.0
Adani M2K Oyster Grande,1.0,,,,1.0,,,,,,,,,,,,,,,,,,,,,,,,,,1.0,1.0,,,,,,,,,,,,,1.0,,,,,1.0,,,,,,,,,,,,,,,,,,,,,,,,,1.0,,,,,,,,,,,,,,,,,,1.0,,,,,,1.0,,,,,,0.0,0.0,0.0,0.0,0.0,0.0
G99,1.0,,,,,,,,1.0,,1.0,,1.0,,,,,,,,,,,,,,,,,1.0,,,,,,,,,,,1.0,,,1.0,1.0,,,,,,,,,,,,,,,,,,,,,,,,,,,,,,,,,,,,,,,,,,,,,,,1.0,,,,,,,,,,,,,0.0,0.0,0.0,0.0,0.0,0.0
Emaar MGF Emerald Floors Premier,1.0,,,,,,,,,,,,,,,,,,,,,,,,,,,1.0,,,,,,,,,,,,,,,,,1.0,,1.0,1.0,,,,1.0,,,,,,,,,,,,,,,,,,,,,,1.0,,,,,,,,1.0,,,,,,,,,,,,1.0,,,,,,,,,,,0.0,0.0,0.0,0.0,0.0,0.0
ROF Insignia Park,1.0,,,,,,,,,,,,,,,,,,1.0,,1.0,,,1.0,,1.0,,,,1.0,,,,,,,,,,,,1.0,,,,,,,,,1.0,1.0,,,,,,,,,,,,,,,,,,,,,,,,,,,,,,,,,,,,,,,,,,,,,,,,,,,,,0.0,0.0,0.0,0.0,0.0,0.0
DLF The Ultima,1.0,,,,,,,,,,,1.0,1.0,,1.0,,1.0,,,,,,,,,,,,,,,,,1.0,,,,,,,1.0,,,,,,,,,,,,,,,,,,,,,,,,,,,,,,,,,,,,,,,,,,,,,,,,,,,,1.0,,,,,,,,,,,1.0,0.0,0.0,0.0,0.0,0.0,0.0
Indiabulls Enigma,1.0,1.0,1.0,,,,,1.0,1.0,1.0,,,,,,,,,,,,,,,,,,,,,,1.0,,,,,,,,,,,,1.0,,,,,,,,,,,,,,,,,,,,,,,,,,,,,,,,,,,,,,,,,,,,,,,,,,,,,,,,1.0,,,,,0.0,0.0,0.0,0.0,0.0,0.0
Experion The Westerlies,1.0,,,,,,,1.0,,1.0,,,,,,,,,1.0,1.0,,1.0,,,,1.0,,,,,,,,,,,1.0,,,,,,,,,,,,,,,,,,,,,,,,,,1.0,,,,,,,,,,,,,,,,,,,,,,,,,,,,,,,,,,,,,,,,,,0.0,0.0,0.0,0.0,0.0,0.0
Hero Homes,1.0,,1.0,,,,,,1.0,1.0,,1.0,,,,1.0,,,,,,,,,,,,,,,1.0,,,1.0,,,1.0,,,,,,,,,,,,,,,,,,,,,,,,,,,,,,,,,,,,,,,,,,,,,,,,,,,,,,,,,,,,,,,,,,,,0.0,0.0,0.0,0.0,0.0,0.0
Central Park Flower Valley Mikasa Plots,1.0,,,,,,,,,,,,1.0,1.0,,,1.0,,,,,,,,,,,,,,,,1.0,,1.0,,1.0,,,,,,,,,,,,,,,,,,,,,,,1.0,,,,,,,,,,,,,,,,1.0,,,,,,,,,,,,,,,,,,,,,,,,,,,,,0.0,0.0,0.0,0.0,0.0,0.0
M3M Skywalk,1.0,,,,,,,,1.0,,,,,,,,1.0,,,,,,,,,,,,,,,1.0,1.0,,,,,1.0,,,,,,,,,,,,1.0,,,,,,,,,,1.0,,,,,,,,,,,,,,,,,,,,,,,,,,,,,,,,,1.0,,,,,,,,,,,,0.0,0.0,0.0,0.0,0.0,0.0
Ireo The Grand Arch,1.0,,,,,,,,1.0,,,,,1.0,,,,,,,,,,,,,,1.0,,,,,,,,,,,,,1.0,,1.0,,,,,,,1.0,,,,,,,,,,,,,,,,,,,,,,,,1.0,,,,,,,,,,,,,,,,,1.0,,,,,,,,,,,,,,0.0,0.0,0.0,0.0,0.0,0.0
JMS The Nation,,,,,,,1.0,,,,,,,,,,,,,,,,1.0,,,,,,,,,,,,,,,,,,,,,,,,,,,,,,,,,,,,1.0,,,,,,,,,,,,,,,,,,,,,,,,,,,,,,,,,,,,,,,,,,,,,,0.0,0.0,0.0,0.0,0.0,0.0
Imperia The Esfera,1.0,,,,,,,,1.0,,,1.0,,,,,,,,,,,,,,,,,,,,1.0,,,,,,,,,,,,,,,,,,,,,1.0,,,,,,,,,,,,,,,,,,,,,,,,,,,,,,,,,,,,1.0,,1.0,,,,,,,,,,,,,,1.0,1.0,0.0,0.0,0.0,0.0
Ramprastha Primera,1.0,,,,,,,,,,,,,,,,,,,,,,1.0,,,,,,,,,,,,,,,,,,,,,,,,1.0,,1.0,,,,,1.0,,,,,,,1.0,,,,,,,,,,,,,,,,,,,,,1.0,,,,,1.0,,,,1.0,,,,,,,,,,,,,,,,0.0,0.0,0.0,0.0
Experion The Heartsong,1.0,,,,,,,,,,1.0,1.0,,,,,,,,,,,,,,,,,,,,,,1.0,,,,,,,,,,,,,,,,,,,,,,,,,,,,,,,,,,,,,,,,,,1.0,1.0,,,,,,,1.0,,,,,,,,,,1.0,1.0,,,,,,,,,,,,0.0,0.0,0.0,0.0
DLF New Town Heights 2,1.0,1.0,,,,,,1.0,,,,,,,,,,,,1.0,,,,,,,,,,,,,,,,,,,,,,1.0,,1.0,,,,,,,,1.0,,1.0,,,,,,,,,,,,,,,,,,,,1.0,,,,,,,,,,,,,,,,,,,,,,,,,,,,,,,,,0.0,0.0,0.0,0.0
DLF The Primus,1.0,,,,,,,,1.0,,,,,,,1.0,,,,,,,,,,,,,1.0,,,1.0,,,,,,,,,,,1.0,1.0,1.0,,,,,1.0,,,,,,,,,,,,,,,,,,,,,,,,,,,,,,,,,,,,,,,,,,,,,,,,,,,,,,,,,0.0,0.0,0.0,0.0
DLF The Skycourt,1.0,,,,,,,,1.0,,,,1.0,,,,,,,,,1.0,,,,,,,,,1.0,,,,,,,,,,,,,,1.0,,,,,,,,,,,,,,,,,,,,,,,,,,,,,1.0,,,,,,,1.0,,,,,,,,,,,,,,,,,,1.0,,,,,,,,0.0,0.0,0.0,0.0
Central Park Resorts,1.0,1.0,,,,,,,1.0,,,,,,,,1.0,,,,,,,,,,,,,,,,,,,,,,,,,,,,,,1.0,,1.0,1.0,,,,1.0,,,,,,,,,,,,,,,,,,,,,1.0,,,,,,,,,,,,,,,,,,,,,,,,,,,,,,,,0.0,0.0,0.0,0.0
Suncity Avenue 76,,,,,,,,,,,,,,,,,,1.0,,,,,,,,1.0,,1.0,,,,,,,,,,1.0,,,,,,,1.0,,1.0,,,,1.0,,,,,,,,,,,,1.0,,,,,1.0,,,,,,,,,,,,,,,,,,,,,,,,,,,,,,,,,,,,,,,0.0,0.0,0.0,0.0
International City by Sobha Phase 1,1.0,,,,1.0,,,,1.0,,,,,,,1.0,,,,,,1.0,,,,,,,,,1.0,1.0,,,,,,,,,,,,1.0,,,,,,,,,,,,,,,,,,,,,,,,,1.0,,,,,,,,,,,,,,,,,,,,,,,,,,,,,,,,,,,,,,0.0,0.0,0.0,0.0
Ambience Creacions,1.0,,,,,,,,,,,,1.0,,,,,,,,,,,,,,,,,,,,,1.0,,1.0,,,,,1.0,,,,,,,,,,,,,,,,,,,,,,,,,,,,,,,1.0,,,,1.0,,,,,,,,1.0,,,,,,,,,,,,,,,,,,,,,,1.0,0.0,0.0,0.0,0.0
Vatika Xpressions,1.0,,,,,,,,,,,,,,,,,,,,,,,,,,,1.0,,,,,,,,,,,,,,1.0,,,,,,,1.0,,,1.0,,1.0,,,,,,,,,,,,,,,,,,,,,1.0,,,,,,,,,,,,,,1.0,1.0,,,,,,,,,,,,,,,,,0.0,0.0,0.0,0.0
M3M Sierra 68,1.0,1.0,,,,,,1.0,1.0,,,,,,,,,,,1.0,,,,,,,,,,,,,,,,,,1.0,,,,,,,,,,,,,,1.0,,,,,,,,,,,,,,,,,,,,,,1.0,,,,,,,,,,,,,,,1.0,,,,,,,,,,,,,,,,,,0.0,0.0,0.0,0.0
Anand Niketan,1.0,,,,,,,,,,1.0,,,,,,,,1.0,1.0,,,1.0,1.0,,,,,,,,,,,,,,,,,,1.0,,,,1.0,,,,,1.0,,,,,,,,,,,,,,,,,,,,,,,,,,,,,,,,,,,,,,,,,,,,,,,,,,,,,,,,0.0,0.0,0.0,0.0
DLF The Belaire,1.0,,,,,,,,1.0,,,,,,,,,,,,,,,,,,,,,,1.0,1.0,,,,,,1.0,,,,,,1.0,1.0,,,,,,,,,,,,,,,,,,,,,,,,,,,,,,,,,,,,,,,,,,,,,,,,,1.0,,,,,,,,,,1.0,,,0.0,0.0,0.0,0.0
Godrej Aria,1.0,,1.0,,,,,,,,,,,,,,,,,,,,,,,,,,,,,,,,,,,,,,,,1.0,,1.0,,,,,,1.0,1.0,,1.0,,,,,,,,,,,,,,,,,,,,,,,,,,,,,,,,,,,1.0,,,,,,,,,,,,,,,,1.0,,0.0,0.0,0.0,0.0
Ansals Shiva Som Valley,,,,,,1.0,,,,,,,,,,,,,,,,,1.0,,,,,,,,,,,,,,,,,,,,,,,1.0,,1.0,,,,,,,,1.0,1.0,,1.0,,,,,,,,1.0,,,,,,,,,,,,,,,,,,1.0,,,,,,,,,,,,,,,,,,,,,,0.0,0.0,0.0,0.0
Vipul World,1.0,,,1.0,,,,,,,,,,,,,,,,,,,1.0,,,1.0,,,,,,,,,,,,,,,,,,,1.0,,,,,,,,,,,,,,,,,1.0,,,,1.0,,,,,,,,,,,,,,,,,1.0,,,,,,1.0,,,,,,,,,,,,,,,,,,0.0,0.0,0.0,0.0
Central Park Flower Valley Aqua Front Towers,1.0,,1.0,,,,,,1.0,,,,,,,1.0,1.0,,1.0,,,,,,,,,,,,,,,,,1.0,,,,1.0,,1.0,,,,,,,,,,,,,,,,,,,,,,,,,,,,,,,,,,,,,,,,,,,,,,,,,,,,,,,,,,,,,,,,,0.0,0.0,0.0,0.0
Tulip Violet,1.0,1.0,,,,,,,,,,,,,,,1.0,,1.0,1.0,,,,,,,,,,,,,,,,,,,,,,,,,,,,,1.0,,,,,,,,,,,1.0,,,,,,,,,,,,,,,,,,,,,,,,1.0,,,,,,,,,1.0,,,,,,,,,,,,,,0.0,0.0,0.0,0.0
Eldeco Accolade,1.0,,,,,,,,,,,,1.0,,,,,,,,,,,,,,,,,,1.0,,,,1.0,,,,,1.0,1.0,,,,1.0,,,,,,,,,,,,,,,,,,,,,,,,,,,,1.0,,1.0,,,,,,,,,,,,,,,,,,,,,,,,,,,,,,,,0.0,0.0,0.0,0.0
M3M Natura,1.0,1.0,1.0,,1.0,,,1.0,,,,,,,,,,,,,,1.0,,,,,,,,,,,,1.0,,,,1.0,,,1.0,,,,,,,,,,,,,,,,,,,,,,,,,,,,,,,,,,,,,,,,,,,,,,,,,,,,,,,,,,,,,,,,,,0.0,0.0,0.0,0.0
Emaar Imperial Gardens,1.0,1.0,,,,,,1.0,,,,,,,,,,,,,,,,,,,,,,,,,,,,,,,,,,,,1.0,1.0,,1.0,,,,,,,,,,,,,,,1.0,,,,,,,,,,,,,,,,,,,,,,,,,,,1.0,,,,,,,,,,,,,,,,1.0,,0.0,0.0,0.0,0.0
Ireo City Plots,1.0,,,1.0,1.0,1.0,,,,,,,,,,,,,,,,,,,,1.0,,,,,,,,,,,,,,,,,,,,,,1.0,,,,1.0,1.0,,,,,,,,,,,,,1.0,,,,,,,,,,,,,,,,,,,,,,,,,,,,,,,,,,,,,,,,,0.0,0.0,0.0,0.0
Parsvnath Exotica,1.0,,,,,,,,,,,,,,,,1.0,,,,,,,1.0,,,,,,,1.0,,,,,,,,1.0,,,,1.0,,,,,,1.0,,,,,,,,,,,,,,,,,,,,,,,,,1.0,,,,,,,,,,,,,,,,1.0,,,,,,,,,,,,,,,,,0.0,0.0,0.0,0.0
Pioneer Urban Presidia,1.0,,1.0,,,,,,1.0,,,1.0,,,,,1.0,,,,,1.0,,,,,,,,1.0,,,,1.0,,,,,,,1.0,,,,,,,,,,,,,,,,,,,,,,,,,,,,,,,,,,,,,,,,,,,,,,,,,,,,,,,,,,,,,,,,,,0.0,0.0,0.0,0.0
Suncity Platinum Towers,1.0,,,,1.0,,,,,,,,,,1.0,1.0,,,,,,,,,,,,,1.0,,1.0,,,,,,,,,,,,,,,,,,,1.0,,,,,,,,,,,,,,,,,,,,,,1.0,,,,,,,,,,,,,,,,,,,,,,,,,1.0,,,,,,,,,,0.0,0.0,0.0,0.0
Godrej Nature Plus,1.0,1.0,,,,,,,,,,,,,,,,,1.0,1.0,,,,,,,,,,1.0,,,,,,,,,,,,,,,,,1.0,,,,1.0,,,,,,,,,,,,,,,,,,,,,,,,,,1.0,,,,,,,,,,,,,1.0,,,,,,,,,,,,,,,,,0.0,0.0,0.0,0.0
Bestech Park View Grand Spa,1.0,,,,1.0,,,,1.0,,,,,,,,1.0,,,,,,,,,,,,,,1.0,,,,,,,1.0,,,,,,,,,,,,1.0,,,,,,,,,,,,,,,,,,,,,,,,,,,,,,1.0,,,,,,,,,,,,,,,,,1.0,,,,,,,,,,0.0,0.0,0.0,0.0
Shree Vardhman Victoria,1.0,,,,,,,,,,,,,,,1.0,,,,,,,,,,,,,1.0,,1.0,,,,,,,1.0,,,,,,1.0,1.0,,,,,,,,,,,,,,,,,,,,,,,,,,,,,,,,,,,,,,,1.0,,,,,,,1.0,,,,,,,,,,,,,,,,0.0,0.0,0.0,0.0
Silverglades The Melia,1.0,,,,,,,,1.0,,,1.0,,,,,1.0,,,,,,,,,,,,,,1.0,,,1.0,1.0,,,,,,1.0,,,,,,,,,,,,,,,,,,,,,,,,,,,,,,,,,,,,,1.0,,,,,,,,,,,,,,,,,,,,,,,,,,,,,0.0,0.0,0.0,0.0
Shree Vardhman Flora,1.0,,,,,,,,,,,,,,,1.0,,,,1.0,,,,,,,,,1.0,,,,,,,,,,,,,,,,1.0,,1.0,,,,,1.0,,,,,,,,,,,,,,,,1.0,,,,,,,,,,,,,,,,,,,,,,1.0,,,,,,,,,,,,,,,,,0.0,0.0,0.0,0.0
Vatika Seven Elements,1.0,,,,,,,,1.0,,,,,,,,,,,,,,,,,,,,,,,,,,,,,,,,,1.0,1.0,1.0,1.0,,,,,,,,,,,,,,,,,,,,,,,,,,,1.0,1.0,,,,,,,,,,,,,,,,,,,,,,,,,,,,,,,,,1.0,0.0,0.0,0.0,0.0
Bellavista Central Park Resorts,,,1.0,,,,,,1.0,,,,,,1.0,1.0,,,,,,,,,,,,,,,,,,,,,,1.0,,1.0,,,,,,,,,,,,,,,,,,,,1.0,,,,,,,,,1.0,,,,,,,,,,,,,,,,,,,,,,1.0,,,,,,,,,,,,,,,,0.0,0.0,0.0,0.0
M3M Heights,1.0,,,,,,,,1.0,,,,,,,,,,,,,1.0,,,,,,,,,,1.0,,1.0,,,1.0,1.0,,,,,,,,,,,,,,,,,,,,,,,,,,,,,,,1.0,,,,,,,,,,,,,,,1.0,,,,,,,,,,,,,,,,,,,,,,,0.0,0.0,0.0,0.0
Godrej Habitat,1.0,,,,1.0,,,,,,,,1.0,,1.0,,,,,,,,,,,,,,,,1.0,,,,,,,,,,,1.0,,,,,,,,,,,,,,,,,,,,,,,,,,,,,1.0,,,1.0,1.0,,,,,,,,,,,,,,,,,,,,,,,,,,,,,,,,0.0,0.0,0.0,0.0
Adani Brahma Samsara,1.0,,1.0,,,,,,1.0,,,,,,,,,,,,,,,,,,,,,1.0,,,,,,,,,,,,,,,1.0,,1.0,,,,,,,,,,,,,,,,,,,,,,,,,,,,,,,,,,,1.0,,,,,,,,1.0,,,,,,,,,,1.0,,,,,,,0.0,0.0,0.0,0.0
DLF The Grove,1.0,1.0,,,,,,,,,,,,,,,,,,,,,,,,,,1.0,,,,,,,,,,,1.0,,,,,,,1.0,,,,,,,,,,,,1.0,,,,1.0,,,,,,,,,,,,,1.0,,,,,,,,,,1.0,,,,,,,,,,,,,,,,,,,,,,0.0,0.0,0.0,0.0
Corona Optus,1.0,,,,,,,,,,,,,,,,,,,,,,,,,1.0,,,,1.0,,,,,,,,,,,,1.0,,,1.0,,,,,,,1.0,,1.0,,,,,,,,,,,,,,1.0,,,,,,1.0,,,,,,,,,,,,,,,,,,,,,,,,,,,,,,,,,0.0,0.0,0.0,0.0
Central Park Flower Valley Flamingo Floors,1.0,,,,,,,,1.0,,,,,,,1.0,1.0,,,,,,,,,,,1.0,1.0,,,,,,,,,,,1.0,,,,,1.0,,,,,,,,,,,,,,,,,,,,,,,,,,,,,,,1.0,,,,,,,,,,,,,,,,,,,,,,,,,,,,,,,0.0,0.0,0.0,0.0
ROF Insignia Park 2,,,,,,,,,,,,,,,,,1.0,,1.0,,1.0,,1.0,1.0,,1.0,,,,1.0,,,,,,,1.0,,,,,,,,,,,,,,1.0,,,,,,,,,,,,,,,,,,,,,,,,,,,,,,,,,,,,,,,,,,,,,,,,,,,,,,,,0.0,0.0,0.0,0.0
Indiabulls Centrum Park,1.0,,,,1.0,,,,,,,1.0,,,,,,,,,,,,,,,,,,,,,,,,,,,,,,,,,1.0,,,,,,,,,,,,,,,,,,,,,,,,,,,1.0,,,1.0,1.0,,,,,,,,,,,,,,,,1.0,,1.0,,,,,,,,,,,,,0.0,0.0,0.0,0.0
BPTP Fortuna,,,,1.0,,,1.0,,,,,,,,,,,,1.0,,,,,,,,,,,,,,,,,,,,,,,,,,,1.0,,,,,,,,,,1.0,1.0,,,,,,,,,1.0,1.0,,,,,,,,,,,,,,,,,,1.0,,,,,,,,,,,,,,,,,,,,,,0.0,0.0,0.0,0.0
Bestech Park View Spa Next,1.0,,,,,,,,,,,,,,,,,,,,,,,,,1.0,,,,1.0,,,,,,,,,,,,1.0,,,1.0,,1.0,,,,1.0,1.0,,,,,,,,,,,,,,,,,,,,,,1.0,,,,,,,,,,,,,,,,,,,,,,,,,,,,,,,,,0.0,0.0,0.0,0.0
DLF The Pinnacle,1.0,,,,,,,1.0,,,,,,,,,,1.0,,,1.0,,,1.0,,,,,,,,,,,,,,,1.0,,,,,,,,,,,,,1.0,,,,,,,,,1.0,,,,,,,1.0,,,,,,,,,,,,,,,,,,,,,,,,,,,,,,,,,,,,,,,0.0,0.0,0.0,0.0
Godrej Oasis,1.0,,,,,,,1.0,,,,,,,,,,,,,,,,,,,,,,,,,1.0,,,,,,,,,1.0,,,,,1.0,,,,,1.0,,,1.0,,,,,,,,,,,,,,,,,,,,,,,,,,,,,1.0,,,,,,,,,,,,,,1.0,,,,,,,,,0.0,0.0,0.0,0.0
Anant Raj Estate Plots,1.0,,1.0,1.0,,,,,1.0,,,,,,,,,,,,,,1.0,,,,,,,,,,,,,,,,,,,,,,,,1.0,,,,,,,,,,,,,,,,,,,1.0,,,,,,,,,,,,,,,,,1.0,,1.0,,,,,,,,,,,,,,,,,,,,,,0.0,0.0,0.0,0.0
Mapsko The Icon 79,1.0,1.0,1.0,,,,,,,,,,,,1.0,,,,,,,,,,,,,,1.0,,,,,1.0,,,,,,,,,1.0,,,,,,,,,,,,,,,,,,,,,,,,,,,,,1.0,,,,,,,,,,,,,,,,,,1.0,,,,,,,,,,,,,,,,,0.0,0.0,0.0,0.0
DLF Regal Gardens,1.0,,,,,,,,,,,,,,,,,,1.0,,,,,,,,,,,,1.0,,,,,,,,,,,,,,1.0,,,,,1.0,,,,,,,,,,,,,,,,,,,,,,,,,,,,,,,,1.0,,,,,,,,1.0,,,,,,,,,1.0,1.0,,,,,,,0.0,0.0,0.0,0.0
DLF The Icon,1.0,,,,,,,,1.0,,,,,,,,,,,,,,,,,,,,,1.0,,,,,,,,,,,,,,,,,,,1.0,,,1.0,,1.0,,,,,,,,1.0,1.0,,,,,,,,,,,,,,,,,,,,,,,,,,1.0,,,,,,,,,,,,,,,,,,0.0,0.0,0.0,0.0
Vatika Sovereign Park,1.0,,1.0,,,,,,,,,,,,,1.0,,,,,,1.0,,,,,,,1.0,,,,,,,,,1.0,,,,,,,,,1.0,,,,,,,,,,,,,,,,,,,,,,,,,,,1.0,,,,,,,,,,,,,,,,,,,,,,,,,,1.0,,,,,,,0.0,0.0,0.0,0.0
Vatika Sovereign Next,1.0,,,,,,,1.0,,1.0,,,,,,1.0,,,1.0,,,,,,,,,,1.0,,,,,,,,,,,,,,,1.0,,,,,,,,,,,,,,,,,,,,,,,,1.0,,,,,,,,,,,,,,,,,,,,,1.0,,,,,,,,,,,,,,,,,,0.0,0.0,0.0,0.0
Central Park Flower Valley The Room,1.0,1.0,,,,,,,1.0,,,,,,,,,,,,,,,,,,,1.0,,,,,,,1.0,,,,,,,,,,,,,,,,,,,,,,,,,,,1.0,,,,,,,,,,,,,1.0,,,,,,,1.0,,,,,,,1.0,,,,,,,,,,,,,,,,,,0.0,0.0,0.0,0.0
M3M Sky Lofts,1.0,,1.0,,,,,,1.0,,,,,1.0,,,1.0,,,,,,,,,,,,,,,,,1.0,,,,,,,,,,,,,,,,,,,,,,,,,,1.0,,,,,,,,,,,,,,,,,,1.0,,,,1.0,,,,,,,,,,,,,,,,,,,,,,,,,0.0,0.0,0.0,0.0
Golden Park,1.0,,,,,,,1.0,,,,,,,,,,,,1.0,,,,1.0,,,1.0,,,1.0,,,,,,,,,,,,,,1.0,,,,,,,1.0,1.0,,,,,,,,,,,,,,,,,,,,,,,,,,,,,,,,,,,,,,,,,,,,,,,,,,,,,,,0.0,0.0,0.0,0.0
Ireo Savannah,,,,,,1.0,,,,,,,,,,,,,,,1.0,,1.0,1.0,,,,,,,,,,,,,,,,,,,,,,1.0,,1.0,,,,,,1.0,,,,,,,,,,,,,,,,,,,,,,,,,,,,,1.0,,1.0,,,,,,,,,,,,,,,,,,,,,,0.0,0.0,0.0,0.0
Satya Merano Greens,1.0,1.0,,,,,,1.0,,,,,,,,,,1.0,,,,,,,,1.0,,,,,1.0,,,,,,,,,,,,,,,,1.0,,,,1.0,,,,1.0,,,,,,,,,,,,,,,,,,,,,,,,,,,,,,,,,,,,,,,,,,,,,,,,,,,,0.0,0.0,0.0,0.0
ATS Kocoon,1.0,,,,1.0,,,,,,,,,,,,,,,,,,,,,,,1.0,,,,,,,1.0,,,,,,,,1.0,,1.0,,,,,,,,,,,,,,,,,1.0,,,,,,,,,,,,,,,,,,,,,,,,1.0,,,,,,,1.0,,,,,,,,,,,,,,0.0,0.0,0.0,0.0
Paras Quartier,1.0,,1.0,,,,,,,,,,,,1.0,,,,,,,,,,,,1.0,,1.0,,1.0,1.0,,,,,,,,,,,,,,,,,,,,,,,,,,,,,,,,,,,,,,,,1.0,,,,,,,,,,,,,,,,1.0,,,,,,,,,,,,,,,,,,,0.0,0.0,0.0,0.0
Ashiana Amarah,1.0,,,,,,,,,,,,1.0,,,,,,,,1.0,,1.0,1.0,,1.0,,,,,,,,,,,,,1.0,,,,,,,,,,,,,1.0,,,,,,,,,,,,,,,,,,,,,,,,,,,,,,,,,,,,,,,,,,,,,,,,,,,,,1.0,,0.0,0.0,0.0,0.0
JMS Prime Land,,,,,,,,,,,,,,,,,,1.0,,,1.0,,,1.0,,1.0,1.0,,,1.0,,,,,,,1.0,,,,,,,,,,,,,,1.0,,,,,,,1.0,,,,,,,,,,,,,,,,,,,,,,,,,,,,,,,,,,,,,,,,,,,,,,,,,0.0,0.0,0.0,0.0
India Rashtra,1.0,,,1.0,,1.0,1.0,,,,,,,,,,,,,,,,,,,,,,,,,,,,,,,,,,,,,,,1.0,,,,,,,,,,,1.0,,,,,,,1.0,,,,,,,,,,,,,,,,,,,,,,,,,,,,,,,,,,,,,,,,,,,1.0,0.0,0.0,0.0
Vipul Tatvam Villa,1.0,1.0,,,,,,,,,,,,,,,,,,1.0,,,,,,,,,,,,,,1.0,,,,,,,,,,1.0,,,,,,,,1.0,,1.0,,,,,,,,1.0,,,,,,,,,,,,,,,,,,,,,,,,,,,1.0,,,,,,,,,,,,,,,,,,,0.0,0.0,0.0
Orris Woodview Residencies,,,,,,1.0,,,,,,,,,,,,,,,,,1.0,,1.0,,,,,,,,,,,,,,,,,,,,,1.0,,1.0,,,,,,,,,,,,,1.0,,,,,,,1.0,,,,,,,,,,,,,,,1.0,,1.0,,,,,,,,,,,,,,,,,,,,,,,0.0,0.0,0.0
Emaar MGF Palm Hills,1.0,1.0,1.0,,1.0,,,,,,,,,,,,,,,,,,,,,,,1.0,,,,,,,,,,1.0,,,,1.0,,,,,,,,,,,,,,,,,,,,,,,,,,,,,,1.0,,,1.0,,,,,,,,,,,,,,,,,,,,,,,,,,,,,,,,,0.0,0.0,0.0
Vatika City,1.0,1.0,,,,,,,1.0,,,,,,,,,,,,,,,,,,,1.0,,,1.0,,,1.0,,,,,,,,1.0,,,,,1.0,,,,,,1.0,,,,,,,,,,,,,,,,,,,,,,,,,,,,,,,,,,,,,,,,,,,,,,,,,,,,,,,0.0,0.0,0.0
DLF New Town Heights 1,1.0,1.0,,,,,,,,,,,,,,1.0,,,,,,,,,,,,,,,,,,,,,,,,,,1.0,1.0,,,,1.0,,,,,,,,,,,,,,,,,,,,,,,,,,,,,1.0,,,,,,,,,,,,,,,,,1.0,,,,,,,,,,,,1.0,,,0.0,0.0,0.0
Vatika Gurgaon 21,1.0,,,,,,,,,,,,1.0,,,,,,,,,,,,,,,,,,,,,,,,,,,,,1.0,,,1.0,,1.0,,,,,,,,,,,,,,,,,,,,,,,,,,,,,,,,,,,,,,,,,1.0,1.0,1.0,,,,,,,,,,1.0,,,,,,,,0.0,0.0,0.0
Signature The Roselia,1.0,,,,,1.0,1.0,1.0,,,,,,,,,,,,,,,,,,,,1.0,,,,,,,,,,,,,,,,,,,,,,,,,,,,,1.0,,1.0,,,,,,,1.0,1.0,,,,,,,,,,,,,,,,,,,,,,,,,,,,,,,,,,,,,,,,,0.0,0.0,0.0
Vatika Independent Floors,1.0,,,,,,,,,,,,,,,,,,,,,,,,,,,,,,,,,,,,,,,,,,,,1.0,1.0,,1.0,,,,,,,,,,1.0,,,,,,,,,,,,,,,,1.0,,,,,,,1.0,,1.0,,,,,,1.0,,,,,,,,,,,,,,,,,,,0.0,0.0,0.0
Adani Tatva Estates,,,,,,,,,,,,,,,,,,,,1.0,1.0,,,1.0,,1.0,,,,1.0,,,,,,,,,,,,,,1.0,,,,,,,1.0,,,1.0,,,,,,,,,,,,,,,,,,,,,,,,,,,,,,,,,,,,,1.0,,,,,,,,,,,,,,,,,0.0,0.0,0.0
Emaar Palm Gardens,1.0,,1.0,,1.0,,,,1.0,,,,,,,,1.0,,,,,,,,,,,,,,1.0,1.0,,,,,,,,,,,,,1.0,,,,,1.0,,,,,,,,,,,,,,,,,,,,,,,,,,,,,,,,,,,,,,,,,,,,,,,,,,,,,,,,,,0.0,0.0,0.0
Pareena Mi Casa,1.0,,,,,,,,,,,,1.0,,1.0,,,,,,,,,,,,1.0,,,,,,,1.0,,,,,,,,,,,1.0,,,,,,,,,,,,,,,,,,,,,,,,,,,,,,,,1.0,,,,,,,,,1.0,,1.0,,,,,,,,,,,,,,,,,,,,0.0,0.0,0.0
The Close North,1.0,,,,,,,,,,,,,,,,,,,1.0,,,,,,,,,1.0,,,,,,,,,,,1.0,,,1.0,,,,,,,,,,1.0,,,,,,,1.0,,,,,,,,,,,,1.0,,,,,,,,,,,,,,,,,1.0,,,,,,,,,,,,,,,,,,,0.0,0.0,0.0
Emaar The Palm Springs,1.0,,,,,,,,,,,,,,1.0,,,,,,,,,,,,,,,,,1.0,,1.0,,,,,,,,,,,,,,,,,,,,,,,,,,1.0,,,,,,,,,,1.0,,,,,,1.0,,,,,,,,,,,,1.0,,,,,1.0,,,,,,,,,,,,,,,0.0,0.0,0.0
BPTP Park Serene,1.0,,,,,,,,,,,,,,,,1.0,,,1.0,,,,,,,,,,,,,,,,,,,,,,,,,,,,,,,,1.0,,,1.0,,,,,,1.0,,1.0,,,,,,,,,,,,,,,,,,,,,,,1.0,,,1.0,,,,,,,,,,,,,,,,,,,0.0,0.0,0.0
Orchid IVY Floors,,,,,,1.0,1.0,,,,,,,,,,,,,,,,,,,,,,,,,,,,,,,,1.0,,,,,,,1.0,,,,,,,,,,1.0,1.0,,,1.0,,,,,,1.0,1.0,,,,,,,,,,,,,,,,,,,,,,,,,,,,,,,,,,,,,,,,,0.0,0.0,0.0
ILD Greens,1.0,,,,,,,,,1.0,,,,,,1.0,,,,,,1.0,,,,,,,,,,1.0,,,,,,,,,,1.0,1.0,,1.0,,,,,,,,,,,,,,,,,,,,,,,,,,,,,,,,,,,,,,,,,,,,,,1.0,,,,,,,,,,,,,,,,,0.0,0.0,0.0
Godrej Icon,1.0,,1.0,,,,,,,1.0,,,,,,,,,1.0,,,,,,,,,,,,,,,,,,1.0,,,,,,1.0,,,,,,,,,,,,,,,,,,,,,,,,,,1.0,,,,,,,,,,,,,,,,,,,,,1.0,,,,,,,,,1.0,,,,,,,,,0.0,0.0,0.0
Orris Aster Court Premier,1.0,1.0,,,,,,,,,,,,,1.0,,,,,,1.0,,,,,,,,,,1.0,,,,,,,,,,,,,,,,,,,,,,1.0,,,1.0,,,,,,,,,,,,,,,,,,,,,,,,,,,,,,,,,,1.0,,,,,,,,,,,,,,,1.0,,,0.0,0.0,0.0
M3M Latitude,1.0,,1.0,,,,,,,,,,,,,1.0,,,,,,1.0,,,,,,,1.0,,,,,,,,,1.0,,1.0,,,,,,,,,,1.0,,,,,,,,,,,,,,,,,,,1.0,,,,,,,,,,,,,,,,,,,,,,,,,,,,,,,,,,,,,,,0.0,0.0,0.0
Emaar MGF Emerald Estate,1.0,,,,,1.0,,,,,,,,,,,,,,,,,,,,,,1.0,,,,,,,,,,,,,,1.0,,,1.0,,1.0,1.0,,,,,,,1.0,,,,,,,,,,,,,,,,,,,1.0,,,,,,,,,,,,,,,,,,,,,,,,,,,,,,,,,,0.0,0.0,0.0
Green Court,,,,,,,,,1.0,,,,,,,,,,,1.0,,,,,,,,1.0,,,,,,,,,,,,,,1.0,,,,,1.0,,,,,,,,,,,1.0,,,,,,,,,,1.0,,,,,,,1.0,,,,,,,,,,,,,,,,,,,,,,,,,,,,,,,1.0,,0.0,0.0,0.0
TARC Maceo,1.0,,,,,,,,,,,,,,,,,,,,,,,,,,,,,,,,1.0,1.0,,,1.0,,,,1.0,,,,1.0,,,,,,,,,,,,,,,,,,,,,,,,,,,,,,,,1.0,,,,1.0,,,,,,,,,,,,1.0,,,,,,,,,,,,,,,0.0,0.0,0.0
Raheja Vanya,1.0,,1.0,,,,,,,,,,,,,1.0,,,,,,,,,,,,,,,1.0,,,,,,,,,,,,,,,,,,,,1.0,1.0,,,,,,1.0,,,,,,,,,,,,,,,,,,,,,,,,1.0,,,,,,,,,,,,,,,,,,,,,,,1.0,,,0.0,0.0,0.0
Paras Ekam Homes,,,,,,,,,,,,1.0,,,,,,1.0,1.0,,1.0,,,,,1.0,,,,1.0,,,,,,,,,,,,,,1.0,,,,,,,1.0,,,,,,,,,,,,,,,,,,,,,,,,,,,,,,,,,,,,,,,,,,,,,,,1.0,,,,,,,,,,0.0,0.0,0.0
Landmark The Homes 81,1.0,,,,,,,1.0,,,,,,,,,,,,,,,,,,,,1.0,,,,,,,,,,1.0,,,,1.0,,,,,1.0,,,,,1.0,,,,,,,,,,,,,,,,1.0,,,,,,,,,,,,,,,,,,1.0,,,,,,,,,,,,,,,,,,,,,,0.0,0.0,0.0
ROF Normanton Park,,,,,,,1.0,,,,,1.0,,,,,,,,,,,,,,,,,,,,,,,,,1.0,,,,,,,,,,,,,,,,,,,,,,,,,1.0,,,,,,,,,,,,,,,,,,,,,,,,,,,,,,,,,,,,,,,,,,,,,,1.0,0.0,0.0
Corona Greens,,,,,,,,,,,,,,,,,,1.0,1.0,,,,1.0,,,,,,,1.0,,,,,,,,,,,,,,1.0,,,,1.0,,,,,,1.0,,1.0,,,,,,,,,,,,,,,,,,,,,,,,,,,,,1.0,,,,,,,,,,,,,,,,,,,,,,,,0.0,0.0
Umang Winter Hills,1.0,,,,,,,,1.0,,,,,,,,,,,,,,,,,,1.0,1.0,,1.0,,,,,1.0,,,,,,,1.0,,,,,,,,,,,,,,,,,,,,,,,,,,,,,,,,,1.0,,,,,,,,,,,1.0,,,,,,,,,,,,,,,,,,,,,,,0.0,0.0
Puri Diplomatic Greens,1.0,,,,,,,,,,,,,,,,,,,,,1.0,,,,,,,,,,,,1.0,,,,,,,,,,1.0,,,,,,1.0,,,,,,,,,,,,,,,,,,,,,1.0,,,,,,,,1.0,,,,,,,,,,,1.0,,,,,,,,,,1.0,,,,,,,,,0.0,0.0
Silverglades Hightown Residences,1.0,,,,,,,,,,,,1.0,,1.0,,,,,,,,,,,,,,,,,,,1.0,,,,,,,,,,,,,,,,,,,,,,,,,,1.0,,,,,,,,,,,,1.0,,,,1.0,,,,,,,,,,,,,,,,,,,1.0,,,,,,,,,1.0,,,,,0.0,0.0
Pioneer Park,1.0,,,1.0,,,,,,,,,,,,,,,,,,,,,,,,,,,,,,,,,,,1.0,,,,,,,,,1.0,,,,,,,,1.0,,,,,,,,,,1.0,,1.0,,,,,,1.0,,,,,,,,,,,,,,,,,1.0,,,,,,,,,,,,,,,,,,0.0,0.0
Anant Raj Ashok Estate,,,,,,,1.0,,,,,,,,,,,,,,,,,,,,,,,,,,,,,,,,,,,,,,,,,,,,,,,,,,,,,,,,,,,,,,,,,,,,,,,,,,,,,,,,,,,,,,,,,,,,,,,,,,,,,,0.0,0.0
Paras Dews,1.0,,1.0,,,,,,,,,,,,,1.0,,,,,,,,,,,,,,,1.0,1.0,,,,,1.0,,,1.0,,,,,1.0,,,,,,,,,,,,,,,1.0,,,,,,,,,,,,,,,,,,,,,,,,,,,,,,,,,,,,,,,,,,,,,,,,,0.0,0.0
Ireo The Corridors,1.0,,,,,,,,,,,1.0,,,,,,,,,,,,,,,,,,,1.0,1.0,,1.0,,,,,,,1.0,,,,1.0,,,,,,,,,,,,,,,,,,,,,,,,,,,,,,,1.0,,,,,1.0,,,,,,,,,,,,,,,,,,,,,,,,,,,,0.0,0.0
Assotech Blith,1.0,,,,1.0,,,,1.0,,,,,,,,,,,,,1.0,,,,,,,,,1.0,,,,,,,,,,,,,,,,,,,,,,,,,,,,,1.0,,,,,,,,,,,,,,,,1.0,,1.0,,,,,,,,1.0,,,,,,,,,,,,,,,,,,,,,,,0.0,0.0
Bestech Park View Sanskruti,1.0,,,,,,,,1.0,,,1.0,,,,1.0,,,,,,,,,,,,,1.0,,1.0,,,,,,,,,,,1.0,,,1.0,,,,,,,,,,,,,,,,,,,,,,,,,,,,1.0,,,,,,,,,,,,,,,,,,,,,,,,,,,,,,,,,,,,0.0,0.0
Signature Global the Millennia,,,,,,,,,,,,,,,,,,,1.0,1.0,,,,,,1.0,,,,1.0,,,,,,,,,,,,1.0,,,,,1.0,,,,1.0,,,1.0,,,,,,,,,,,,,,1.0,,,,,,,,,,,,,,,,,,,,,,,,,,,,,,,,,,,,,,,,,0.0,0.0
Orchid Island,,,,1.0,,1.0,1.0,,,,,,,,,,,,,1.0,1.0,,,,,,,,,,,,,,,,,,,,,,,,,,,,,,,,,,,,,,,,,,1.0,,,1.0,1.0,,,,,,,,,,,,,,,,,,,,,,1.0,,,,,,,,,,,,,,,,,,,,0.0,0.0
Ramprastha The Edge Towers,1.0,,1.0,,,,,,1.0,,,,,,,1.0,,,,,,,,,,,,,,,,,,1.0,,,,,,,,,1.0,,1.0,,,,,,,,,,,,,,,,,,,,,,,,,,,,,1.0,,,,,,,,,,,,,,,,,,,,,,,,,,,,,,,,,,,1.0,0.0
Pyramid Spring Valley,,,,,,,,,,,,,,,,,,,,,1.0,,1.0,1.0,,,,,,,,,,,,,,,,,,,,,,,,1.0,,,,,,,,,1.0,,1.0,,,,,,1.0,1.0,,,,,,,,,,,,,,,,,1.0,,,,,,,,,,,,,,,,,,,,,,,,,,,0.0
Bestech Park View Ananda,1.0,,,,,,,,1.0,,,,,,,,,,1.0,,,1.0,,,,,,,,1.0,,,,,,,,,,,,,1.0,,,,,,,,,,,,,,,,,,,,,,,,,,,,,,,1.0,,,,,,,,,,,,1.0,,,,,1.0,,,,,,,,,,,,,,,,,,,0.0
Mapsko Casa Bella,1.0,,1.0,,,,,,,,,,,,,1.0,,,1.0,1.0,,,,,,,,,,,,,,,,,,,,,,1.0,1.0,1.0,,,1.0,,,,,,,,,,,,,,,,,,,,,,,,,,,,,,,,,,,,,,,,,,,,,,,,,,,,,,,,,,,,,,,0.0
Mahindra Aura,1.0,,,,,,,1.0,,,,,,,,,1.0,,,1.0,,,,,,1.0,,,,1.0,,,,,,,,,,,,,,1.0,,,,,,,1.0,,,1.0,,,,,,,,,,,,,,,,,,,,,,,,,,,,,,,,,,,,,,,,,,,,,,,,,,,,,,,,0.0
Godrej Air,1.0,,,,,,,,,,,,1.0,,1.0,,,,,,,1.0,,,,,,1.0,,1.0,,,,,,,,,,,,1.0,,1.0,1.0,,,,,,,,,,,,,,,,,,,,,,,,,,,,,,,,,,,,,,,,,,,,,,,,,,,,,,,,,,,,,,,,,0.0
Conscient Habitat,,,,,,,1.0,,,,,,,,,,,,,,,,,,,,,1.0,,,,,,,,,,,,,,,,,,,1.0,,,,,,,,,,1.0,1.0,1.0,,,,,1.0,1.0,,,1.0,,,,,,,,,,,,,,,,,,,,,,,,,,,,,,,,,,,,,,,,,,0.0
Conscient Heritage Max,1.0,1.0,,,,,,,,,,,,,,,,,,,,1.0,,,,,1.0,,,,1.0,,,,,,,,,,1.0,1.0,1.0,,,,,,,,,,,,,,,,,,,,,,,,,,,,,,,,,,,,,,,,,,,,,,,,,,,,,,,,,1.0,,,,,,,,,,0.0
Vipul Belmonte,1.0,1.0,,,,,,,,,,,,,,,,,,,,,,,,,,,,,,,,,,,,,,,,1.0,,,,,,,,,,,,,,,,,,,,1.0,,,,,,,,,,,,,1.0,,,,,,,,,,,,,,1.0,1.0,1.0,,,,,,,,,1.0,,,,,,,,,,0.0
Unitech The Residences,1.0,,,1.0,,,,,,,1.0,,,,,,,,,,1.0,,,,,,,,,,,,,,,,,,,,,,,,1.0,,1.0,1.0,,,,1.0,,,,,,,,,,,,,,1.0,,,,,,,,,,,,,,,,,,,,,,,,,,,,,,,,,,,,,,,,,,,,0.0
ILD Grand,1.0,,1.0,,1.0,,,,,,1.0,,,,,,,,,,,,,1.0,,,,,,,,,,,,,,,,,,1.0,,,1.0,,,,,,,1.0,,,,,,,,,,,,,,,,,,,,,,,,,,,,,,,,,,,,,,1.0,,,,,,,,,,,,,,,,,,,,0.0
Signature Global Solera 2,,,,1.0,,1.0,,,,,,,,,,,,,,,1.0,,,,,1.0,,1.0,,,,,,,,,,,,,,,,1.0,,,,1.0,,,,,,,,,,1.0,,,,,,,,1.0,,,,,,,,,,,,,,,,,,,,,,,,,,,,,,,,,,,,,,,,,,,,0.0
Signature Global Solera,,,,,,,1.0,,,,,,,,,,,,,,,,,,,,,,,,,,,,,,,,,,,,,,,,,1.0,,,,,,,,1.0,1.0,,1.0,,,,,1.0,1.0,1.0,1.0,,,,,,,,,,,,,,,,,,,,,,,,,,,,,,,,,,,,,,,,,,,0.0
M3M Woodshire,1.0,,,,,,,,1.0,,,,,,,,,,,,,,,,,,,,,1.0,,1.0,,,,,,,,,,,,,1.0,,,,,,,,,,,,,,,,,1.0,,,,,,,,,,,,,1.0,,,,,,,1.0,,,,,,,,,,,,,,,,,,1.0,,,,,,,,,,0.0
MV Buildcon Precore City,,,,,,,,,,,,,,,,,,,,,,,,,,,,,,,,,,,,,,,,,,,,,,,,,,,,,,1.0,,,1.0,,1.0,,,,,,,1.0,1.0,,,,,,,,,,,,,,,,,,,,,,,,,,,,,,,,,,,,,,,,,,,0.0
Lion Infra Green Valley,,,,,,1.0,,,,,,,,,,,,,,,1.0,1.0,1.0,,,1.0,,,,,,,,,,,,,,,,,,,,,,1.0,,,1.0,,,,,,,,,,,,,,,,,,,,,,,,,,,,,,,,1.0,,1.0,,,,,,,,,,,,,,,,,,,,,,,,,0.0
BPTP Mansions Park Prime,1.0,,,1.0,,1.0,,1.0,,,,,,,,,,,,,,,,,,,,,,,,,,,,,,1.0,,,,,,,,1.0,1.0,1.0,,,,,,,,,,,,,,,,,,,,,,,,,,,,,,,,,,,,,,,,,1.0,,,,,,,,,,,,,,,,,,,,,0.0
Emaar MGF Palm Terraces,1.0,,,,,,,,1.0,,,,,,,,1.0,,,,,1.0,,,,,,,,,,,,,,,,,,1.0,,,1.0,,1.0,,,,,1.0,,,,,,,,,,,,,,,,,,,,,,,,,,,,,,,,,,,,,,,1.0,,,,,,,,,,,,,,,,,,,,,0.0
Optimal ultra luxury builder floors,,,,,,,1.0,,,,,,,,,,,,,,,,,,,,,,,,,,,,,,,,,,,,,,,,,,,,,,,,,,1.0,,,,,,,,,,,,,,,,,1.0,,,,,,,,,,,,1.0,,,,,,,,,,,,,,,,,,,,,,,,1.0
Salcon The Verandas,1.0,,1.0,,1.0,,,,1.0,,,,,,,,,,,,,,,,,,,,,,,,1.0,1.0,,,,,,,,1.0,1.0,,,,,,,,,1.0,,,,,,,,,,,,,,,,,,,,,,,,,,,,,,,,,,,,,,,,,,,,,,,,,,,,,,,,,,
BPTP Park Generations,1.0,,,,,,,,,,1.0,,,,,,,,,,,,,,,,1.0,,,,,,,,,1.0,,,,,,,,,1.0,,,,,,,,,,,,,,,,,,,,,,,,,,,,,,,1.0,,,,,,,,,,,,,,,,,,1.0,1.0,,1.0,,,,,,,,,,,,,
Zara Aavaas,1.0,1.0,,,,,,,,,,1.0,,,,1.0,,,,,,,,1.0,,,,,1.0,,1.0,,,,,,,,,,,,,,,,1.0,,,,,,,,,,,,,,,,,,,,,,,,,,,,,,,,,,,,,,,,,,,1.0,,,,,,,,,,,,,,,,,,,,
Yashika 104,,,,,,,1.0,,,,,,,,,,,,,,,,1.0,,,,,,,,,,,,,,,,,,,,,,,,,,,,1.0,,,1.0,,1.0,,1.0,1.0,,,1.0,,,,,,,,,,,,,,,,,,,,,,,,,,,,,,,,,,,,,,,,,,,1.0,,,,,
Breez Global Heights 89,,,,,,,,,,,,,1.0,,,,,,,1.0,,,,,,,,,,1.0,1.0,1.0,,,,,,,,,,,,,,,,,,,,,,1.0,,,,,,,,,1.0,,,,,,,,1.0,,,,,,,,,,,,,,,,,,,,,,,,,,,,,1.0,,,,,,,,,,
Zara Rossa,,,,1.0,,1.0,,,,,,,,,,,,,,,1.0,,,1.0,,,,,,,,,,,,,,,,,,,,,,,,,,,,,,1.0,,,,1.0,,,,,1.0,,,1.0,,,,,,,,,,,,,,,,,1.0,,,,,,,,,,,,,,,,,,,,,,,,,,,
Alpha Corp GurgaonOne 84,1.0,,,,,,,1.0,,,,,1.0,,,,,,1.0,,,,,,,,,,,,,1.0,,,,,,,,,,,1.0,,,,,,,,,,,,,,,,,,,,,,,,,,,,,,,,,1.0,,,,,,,,,,,,,1.0,1.0,,,,,,,,,,,,,,,,,,,,
Krrish Florence Estate,1.0,,,,,,,,,,,,,,,,,,,,,,,,,,,,,,,,,,1.0,,,,,,,,,,1.0,,1.0,,1.0,,,1.0,,1.0,,,,,,,,,,,,,,,1.0,,,,,,,,,,,,,,,,,,,,1.0,,,,,,,,,,,,,,,,,,,,,
Tulip Purple,1.0,,,,,,1.0,,,,,,,,,,,,,,,,,,,,,,,,,,,,,,,,,,,,,,,,,,,,,1.0,,,,1.0,1.0,,1.0,,,,,,,1.0,1.0,,,,,,,,,,,,,,,,,1.0,,,,,,,,,,,,,,,,,,,,,,,,,,
Tulip Ivory,1.0,,,,,,,1.0,,,,,,,,,,,,1.0,,,,,,,,,,,,,,,,,,1.0,,,,,,,,,,,,,,1.0,,1.0,,,,,,,,,,,,,,,,,,1.0,,,,,,,,,,,,1.0,,,,,,1.0,,,,,,,,,,,,,,,,,,,,
Shree Vardhman City,1.0,,,1.0,,,,,,,,,,,,,,,,,,,,,,,,,,,,,,,,,,,,,,,,,,,,,,,,,,,,1.0,,,1.0,,1.0,,,1.0,1.0,1.0,,,,,,,,,,,,,,,,,1.0,,,,,,,,,,,,,,,,,,,,,,,,,,,
Signature Global Prime,1.0,,,,,,,1.0,,,,,,,,,,,1.0,1.0,,,,,,,1.0,1.0,,,,,,,,,,,,,,,,,,,,,,,,1.0,,,,,,,,,,,1.0,,,,,,,,,,,,,,,,,,,,,,,,,,,,1.0,,,,,,,,,,,,,,,,,,,
Antriksh Heights,1.0,,1.0,,,,,,,,,,,,,1.0,,,,1.0,,,,,,,,,,,,,,,,,,,,,,1.0,1.0,,1.0,,,,,,,1.0,,,,,,,,,,,,,,,,,,,,,,,,,,,,,,,,,,,,,,,,,,,,,,,,,,,,,,1.0,,,,
BPTP Pedestal,1.0,,1.0,,,,,,1.0,,1.0,,,,,,1.0,,,,,,,,,,,,,,,,,,,,,,,,,,1.0,,,,,,,,,,,,,,,,,,,,,,,,,,,,,1.0,,,,,,,,,,1.0,,,,,,,,1.0,,,,,,,,,,,,,,,,,,,,
Vatika Express City,1.0,1.0,,1.0,,,,,,,,,,,,,,,,,1.0,,,,,,,,,,,,,,,,,,,,,,,,,,,,,,,,,,,,,1.0,,,1.0,,,,,,,,,,,,,,1.0,,,,,,,,,,1.0,,,,,,,,,,,,,,,,,,,,1.0,,,,,
Pegasus Atulyam 83,,,,,,1.0,,,,,,,,,,,,,,,1.0,,,,,,,,,,,,,,,,,,,,,,,,,,,,,,,,,,,,,,1.0,,,,,,,,,,,,,,,,,,,,,,,,,,,,,,,,,,,,,,,,,,,,,,,,,,,
DLF The Summit,1.0,,,,,,,,,,,,,,,,,1.0,,,,,,1.0,,,,,,,,,,,,,,,,,,,,,,,,,,,,,,1.0,,,,1.0,,,,,1.0,,,,,,,,,,,,,,,,,,,,1.0,,,,1.0,,1.0,,,,,,,,,,,,,,,,,,,,,
The Close South,1.0,,,,,,,,,,,,,,,,,,,,,,,,,,,,1.0,,,,,,1.0,,,,,1.0,,,,,,,,,,,,,,,,,,,,,,,,,,,,,,,,1.0,,1.0,1.0,,,1.0,,,,,,,,,,1.0,,,,,,,,,,,,,,,,,,,,,,
Emaar Mgf Palm Terraces Select,1.0,,,,,,,,,,,,,1.0,,,,1.0,,,,,,,,,,,,,,1.0,,1.0,,,,,,1.0,,,,,,,,,,,,1.0,,,,,,,,,,,,,,,,,,,,,,,,,,,,,,,,,,,,,,1.0,,,1.0,,,,,,,,,,,,,,,,,
Unitech Fresco,1.0,,,,,,,,,,,,,,,,,,,,,,,,,,,1.0,,,,,,,,,,,,,,1.0,1.0,,1.0,,,,,,,,,,,,,,,,,1.0,,,,,,,,,,,,1.0,1.0,,,,,,,1.0,,,,,,,,,,,,,,,,,,,,,,,,,,,,
Unitech Escape,1.0,,,,,,,,,,,,,,,,,,,,,,,,,,,,,,,,,,,,,,,1.0,,,1.0,,,,,,1.0,,,1.0,1.0,,,,,,,,,1.0,,,,,,,,,,1.0,,,,,,,,,,,,,,,,,1.0,,,,,,,,,,,,,,,,,,,,,
Unitech Harmony,1.0,,,,,,,,,,,,,,,,,1.0,,,,,,,,,,1.0,,,,,,,,,,,,,,,1.0,,,,1.0,,1.0,,,1.0,,,1.0,,,,,,,,,,,,,,,,,,,,,,,,,,,,,,,,,,1.0,,,,,,,,,,,,,,,,,,,,,
Vatika The Seven Lamps,1.0,,,,,,,1.0,,,,,,,,,,,,,,,,,,,,,,1.0,,,,,,,,,,,,,,,1.0,,1.0,,,,,,,,,,,,,,,,,,,,,,,,,,1.0,,,,,,,,,1.0,,,,1.0,,,1.0,,,,,,,,,,,,,,,,,,,,,
BPTP Freedom Park Life,1.0,,,1.0,,1.0,,,,,,,,,,,,,,,,,,,,,,,,,,,,,,,,,,1.0,,,,,1.0,,1.0,,,,,,,1.0,,,,1.0,,,,,,,,1.0,,,,,,,,,,,,,,,,,,,,,,,,,,,,,,,,,,,,,,,,,,,,
DLF New Town Heights,1.0,,,,,,,,,,,,,,,1.0,,,,1.0,,,,,,,,,,,,,,,,,,,,,,1.0,1.0,,,,,,1.0,,,1.0,,,,,,,,,,,,,,,,1.0,,,,,,1.0,,,,,,,,,,,,,,,,,,,,,,,,,,,,,,,,,,,,
La Lagune,1.0,,,,,,,,1.0,,,,,,,,,,,,,,,,,,,,,,1.0,1.0,,1.0,,,,1.0,,,,,,,,,,,,1.0,,,,,,,,,,,,,,,,,,,,,,,,,,,,,,,,,,,,,,1.0,,,,,1.0,,,,,,,,,,,,,,,,,
M3M My Den,1.0,,,,,,,,,,,1.0,,,,,,,,,,,,,,,,,,,,,1.0,1.0,1.0,,,,,,1.0,,,,,,,,,,,,,,,,,,,,,,,,,,,,1.0,,,1.0,,,,,,,,,,,,,,,,,,,,,,,,,,,,,,,,,,1.0,,,,
DLF Princeton Estate,1.0,,,,1.0,,,,,,,,,,,,,,,,1.0,,,,,,,,,,,,,,1.0,,,,,,,1.0,,,,,1.0,,,,,,,,,,,,,,,,,,,,,,,,,,,,,1.0,,,,,,,,,,,,,1.0,,,,,,,,,1.0,,,,,,,,,,,,
Pyramid Urban Homes 2,,,,,,1.0,1.0,,,,,,,,,,,,,,,,,,,,,,,,,,,,,,,,,,,,,,,,1.0,,,,,,,,,,1.0,1.0,,,,,,1.0,1.0,,,,,,,,,,,,,,,,,,,,,,,,,,,,,,,,,,,,,,,,,,,,,
Satya The Hermitage,1.0,,,,,,,,,1.0,,1.0,,,,,,,,1.0,,,,,,1.0,,,,1.0,,,,,,,,,,,,,,,,,,,,,,1.0,,,,,,,,,,,,,,,,,,,,1.0,,,,,,,,,,,,1.0,,,,,,,,,,,,,,,,,,,,,,,,,,
BPTP Spacio,1.0,,,,,,,1.0,,,,,,,,,,,,,,,,,,,,,,,1.0,,,,,,,,,,,,,,,,,,,,,1.0,,1.0,1.0,,,,,,,,,,,,,1.0,,,,,,1.0,,,,,,,,,,,,,,,,,,,,,,,,,,1.0,,,,,,,,,,
SS The Coralwood,1.0,,,,,,,,,,,,,,,,,,,1.0,,,,,,,,,,,1.0,1.0,,,,,,,,,,1.0,,,1.0,,,,,,,,,,,,,,,,,,,,,,,,,,,,,,,,,,,,1.0,,,,,,,,,1.0,,,,,,,,,1.0,,,,,,,,,,,
